benchmark_run_id,run_id,mission,scenario,seed_range_start,seed_range_end,strategy,profile,total_runs,success_rate,avg_task_completion_rate,avg_detection_ticks,avg_reallocation_ticks,avg_messages_attempted,avg_messages_dropped,avg_tasks_injected,avg_tasks_expired,avg_conflicting_assignments,avg_network_availability,avg_relay_reallocation_ticks,avg_avg_hop_count,avg_disconnected_agents_max,avg_coverage_progress,avg_bytes_sent,avg_stale_state_age_ticks,avg_battery_margin_min,avg_battery_margin_avg,time_to_find,probability_of_detection,targets_found,safety_violations,belief_entropy_final,false_positive_rate,confirmation_scans,convergence_ticks_p50,convergence_ticks_p95,avg_bundle_travel_distance,avg_edge_coverage_rate,avg_missed_edges,avg_revisit_count,avg_route_efficiency,avg_route_length,avg_wasted_travel,avg_return_reserve,avg_infeasible_routes,avg_hazard_zones_mapped,avg_priority_updates,avg_final_threat_level
2026-05-27T162606Z_all_200_custom,2026-05-27T162606Z_all_200_custom_coverage_centralized_coverage_high-latency-multiple-failures,coverage,coverage,0,200,centralized,coverage/high-latency-multiple-failures,200,1.000,1.000,0.000,0.000,14604.480,3020.080,0.000,0.000,0.000,1.000,0.000,1.000,0.000,1.000,663680.925,189.560,100.000,100.000,0.000,0.000,0.000,0.000,0.000,0.000,0.000,1.000,1.000,-0.000,0.000,0.000,0.000,0.000,-0.000,0.000,100.000,0.000,0.000,0.000,0.000
2026-05-27T162606Z_all_200_custom,2026-05-27T162606Z_all_200_custom_coverage_centralized_coverage_medium-loss-no-failures,coverage,coverage,0,200,centralized,coverage/medium-loss-no-failures,200,1.000,1.000,0.000,0.000,90.000,13.520,0.000,0.000,0.000,1.000,0.000,1.000,0.000,1.000,3960.000,1.000,100.000,100.000,0.000,0.000,0.000,0.000,0.000,0.000,0.000,1.000,1.000,-0.000,0.000,0.000,0.000,0.000,-0.000,0.000,100.000,0.000,0.000,0.000,0.000
2026-05-27T162606Z_all_200_custom,2026-05-27T162606Z_all_200_custom_coverage_centralized_coverage_medium-loss-multiple-failures,coverage,coverage,0,200,centralized,coverage/medium-loss-multiple-failures,200,1.000,1.000,0.000,0.000,14604.480,4756.015,0.000,0.000,0.000,0.997,0.000,1.000,1.915,1.000,663680.925,189.760,100.000,100.000,0.000,0.000,0.000,0.000,0.000,0.000,0.000,1.000,1.000,-0.000,0.000,0.000,0.000,0.000,-0.000,0.000,100.000,0.000,0.000,0.000,0.000
2026-05-27T162606Z_all_200_custom,2026-05-27T162606Z_all_200_custom_coverage_centralized_coverage_medium-loss-cascade-failure,coverage,coverage,0,200,centralized,coverage/medium-loss-cascade-failure,200,1.000,1.000,0.000,0.000,13038.210,5240.530,0.000,0.000,0.000,0.995,0.000,1.000,2.745,1.000,592288.020,185.780,100.000,100.000,0.000,0.000,0.000,0.000,0.000,0.000,0.000,1.000,1.000,-0.000,0.000,0.000,0.000,0.000,-0.000,0.000,100.000,0.000,0.000,0.000,0.000
2026-05-27T162606Z_all_200_custom,2026-05-27T162606Z_all_200_custom_coverage_centralized_coverage_partition-prone-cascade-failure,coverage,coverage,0,200,centralized,coverage/partition-prone-cascade-failure,200,1.000,1.000,0.000,0.000,13038.210,5351.680,0.000,0.000,0.000,0.992,0.000,1.000,2.820,1.000,592288.020,185.705,100.000,100.000,0.000,0.000,0.000,0.000,0.000,0.000,0.000,1.000,1.000,-0.000,0.000,0.000,0.000,0.000,-0.000,0.000,100.000,0.000,0.000,0.000,0.000
2026-05-27T162606Z_all_200_custom,2026-05-27T162606Z_all_200_custom_coverage_centralized_coverage_heavy-loss-cascade-failure,coverage,coverage,0,200,centralized,coverage/heavy-loss-cascade-failure,200,1.000,1.000,0.000,0.000,13038.210,6618.070,0.000,0.000,0.000,1.000,0.000,1.000,0.000,1.000,592288.020,186.045,100.000,100.000,0.000,0.000,0.000,0.000,0.000,0.000,0.000,1.000,1.000,-0.000,0.000,0.000,0.000,0.000,-0.000,0.000,100.000,0.000,0.000,0.000,0.000
2026-05-27T162606Z_all_200_custom,2026-05-27T162606Z_all_200_custom_coverage_centralized_coverage_light-loss-no-failures,coverage,coverage,0,200,centralized,coverage/light-loss-no-failures,200,1.000,1.000,0.000,0.000,90.000,4.675,0.000,0.000,0.000,1.000,0.000,1.000,0.000,1.000,3960.000,1.000,100.000,100.000,0.000,0.000,0.000,0.000,0.000,0.000,0.000,1.000,1.000,-0.000,0.000,0.000,0.000,0.000,-0.000,0.000,100.000,0.000,0.000,0.000,0.000
2026-05-27T162606Z_all_200_custom,2026-05-27T162606Z_all_200_custom_coverage_centralized_coverage_ideal-single-failure,coverage,coverage,0,200,centralized,coverage/ideal-single-failure,200,1.000,1.000,3.000,0.000,1129.950,36.000,0.000,0.000,0.000,0.975,0.000,1.000,1.000,1.000,50058.000,4.000,100.000,100.000,0.000,0.000,0.000,0.000,0.000,0.000,0.000,1.000,1.000,-0.000,0.000,0.000,0.000,0.000,-0.000,0.000,100.000,0.000,0.000,0.000,0.000
2026-05-27T162606Z_all_200_custom,2026-05-27T162606Z_all_200_custom_coverage_centralized_coverage_partition-prone-single-failure,coverage,coverage,0,200,centralized,coverage/partition-prone-single-failure,200,1.000,1.000,0.000,0.000,16280.595,3904.160,0.000,0.000,0.000,0.998,0.000,1.000,1.000,1.000,740010.330,191.160,100.000,100.000,0.000,0.000,0.000,0.000,0.000,0.000,0.000,1.000,1.000,-0.000,0.000,0.000,0.000,0.000,-0.000,0.000,100.000,0.000,0.000,0.000,0.000
2026-05-27T162606Z_all_200_custom,2026-05-27T162606Z_all_200_custom_coverage_centralized_coverage_high-latency-no-failures,coverage,coverage,0,200,centralized,coverage/high-latency-no-failures,200,1.000,1.000,0.000,0.000,90.000,0.000,0.000,0.000,0.000,1.000,0.000,1.000,0.000,1.000,3960.000,1.000,100.000,100.000,0.000,0.000,0.000,0.000,0.000,0.000,0.000,1.000,1.000,-0.000,0.000,0.000,0.000,0.000,-0.000,0.000,100.000,0.000,0.000,0.000,0.000
2026-05-27T162606Z_all_200_custom,2026-05-27T162606Z_all_200_custom_coverage_centralized_coverage_light-loss-cascade-failure,coverage,coverage,0,200,centralized,coverage/light-loss-cascade-failure,200,1.000,1.000,2.180,0.000,8236.980,2564.945,0.000,0.000,0.000,0.975,0.000,1.000,2.860,1.000,373528.395,109.455,100.000,100.000,0.000,0.000,0.000,0.000,0.000,0.000,0.000,1.000,1.000,-0.000,0.000,0.000,0.000,0.000,-0.000,0.000,100.000,0.000,0.000,0.000,0.000
2026-05-27T162606Z_all_200_custom,2026-05-27T162606Z_all_200_custom_coverage_centralized_coverage_high-latency-single-failure,coverage,coverage,0,200,centralized,coverage/high-latency-single-failure,200,1.000,1.000,0.000,0.000,16280.595,1719.405,0.000,0.000,0.000,1.000,0.000,1.000,0.000,1.000,740010.330,191.045,100.000,100.000,0.000,0.000,0.000,0.000,0.000,0.000,0.000,1.000,1.000,-0.000,0.000,0.000,0.000,0.000,-0.000,0.000,100.000,0.000,0.000,0.000,0.000
2026-05-27T162606Z_all_200_custom,2026-05-27T162606Z_all_200_custom_coverage_centralized_coverage_heavy-loss-single-failure,coverage,coverage,0,200,centralized,coverage/heavy-loss-single-failure,200,1.000,1.000,0.000,0.000,16280.595,6090.420,0.000,0.000,0.000,1.000,0.000,1.000,0.000,1.000,740010.330,191.470,100.000,100.000,0.000,0.000,0.000,0.000,0.000,0.000,0.000,1.000,1.000,-0.000,0.000,0.000,0.000,0.000,-0.000,0.000,100.000,0.000,0.000,0.000,0.000
2026-05-27T162606Z_all_200_custom,2026-05-27T162606Z_all_200_custom_coverage_centralized_coverage_high-latency-cascade-failure,coverage,coverage,0,200,centralized,coverage/high-latency-cascade-failure,200,1.000,1.000,0.000,0.000,13038.210,3866.390,0.000,0.000,0.000,1.000,0.000,1.000,0.000,1.000,592288.020,185.575,100.000,100.000,0.000,0.000,0.000,0.000,0.000,0.000,0.000,1.000,1.000,-0.000,0.000,0.000,0.000,0.000,-0.000,0.000,100.000,0.000,0.000,0.000,0.000
2026-05-27T162606Z_all_200_custom,2026-05-27T162606Z_all_200_custom_coverage_centralized_coverage_partition-prone-multiple-failures,coverage,coverage,0,200,centralized,coverage/partition-prone-multiple-failures,200,1.000,1.000,0.025,0.000,14604.480,4775.960,0.000,0.000,0.000,0.995,0.000,1.000,1.925,1.000,663680.925,189.715,100.000,100.000,0.000,0.000,0.000,0.000,0.000,0.000,0.000,1.000,1.000,-0.000,0.000,0.000,0.000,0.000,-0.000,0.000,100.000,0.000,0.000,0.000,0.000
2026-05-27T162606Z_all_200_custom,2026-05-27T162606Z_all_200_custom_coverage_centralized_coverage_light-loss-single-failure,coverage,coverage,0,200,centralized,coverage/light-loss-single-failure,200,1.000,1.000,2.355,0.000,2530.845,308.930,0.000,0.000,0.000,0.977,0.000,1.000,1.000,1.000,113879.925,21.360,100.000,100.000,0.000,0.000,0.000,0.000,0.000,0.000,0.000,1.000,1.000,-0.000,0.000,0.000,0.000,0.000,-0.000,0.000,100.000,0.000,0.000,0.000,0.000
2026-05-27T162606Z_all_200_custom,2026-05-27T162606Z_all_200_custom_coverage_centralized_coverage_heavy-loss-multiple-failures,coverage,coverage,0,200,centralized,coverage/heavy-loss-multiple-failures,200,1.000,1.000,0.000,0.000,14604.480,6497.710,0.000,0.000,0.000,1.000,0.000,1.000,0.000,1.000,663680.925,190.105,100.000,100.000,0.000,0.000,0.000,0.000,0.000,0.000,0.000,1.000,1.000,-0.000,0.000,0.000,0.000,0.000,-0.000,0.000,100.000,0.000,0.000,0.000,0.000
2026-05-27T162606Z_all_200_custom,2026-05-27T162606Z_all_200_custom_coverage_centralized_coverage_ideal-multiple-failures,coverage,coverage,0,200,centralized,coverage/ideal-multiple-failures,200,1.000,1.000,3.000,0.000,1376.640,80.560,0.000,0.000,0.000,0.959,0.000,1.000,1.940,1.000,61156.125,5.840,100.000,100.000,0.000,0.000,0.000,0.000,0.000,0.000,0.000,1.000,1.000,-0.000,0.000,0.000,0.000,0.000,-0.000,0.000,100.000,0.000,0.000,0.000,0.000
2026-05-27T162606Z_all_200_custom,2026-05-27T162606Z_all_200_custom_coverage_centralized_coverage_medium-loss-single-failure,coverage,coverage,0,200,centralized,coverage/medium-loss-single-failure,200,1.000,1.000,0.000,0.000,16280.595,3902.110,0.000,0.000,0.000,0.999,0.000,1.000,1.000,1.000,740010.330,191.200,100.000,100.000,0.000,0.000,0.000,0.000,0.000,0.000,0.000,1.000,1.000,-0.000,0.000,0.000,0.000,0.000,-0.000,0.000,100.000,0.000,0.000,0.000,0.000
2026-05-27T162606Z_all_200_custom,2026-05-27T162606Z_all_200_custom_coverage_centralized_coverage_light-loss-multiple-failures,coverage,coverage,0,200,centralized,coverage/light-loss-multiple-failures,200,1.000,1.000,2.215,0.000,6982.560,1609.835,0.000,0.000,0.000,0.975,0.000,1.000,1.940,1.000,316513.125,83.740,100.000,100.000,0.000,0.000,0.000,0.000,0.000,0.000,0.000,1.000,1.000,-0.000,0.000,0.000,0.000,0.000,-0.000,0.000,100.000,0.000,0.000,0.000,0.000
2026-05-27T162606Z_all_200_custom,2026-05-27T162606Z_all_200_custom_coverage_centralized_coverage_partition-prone-no-failures,coverage,coverage,0,200,centralized,coverage/partition-prone-no-failures,200,1.000,1.000,0.000,0.000,18000.000,2697.475,0.000,0.000,0.000,1.000,0.000,1.000,0.000,1.000,818280.000,2.660,100.000,100.000,0.000,0.000,0.000,0.000,0.000,0.000,0.000,1.000,1.000,-0.000,0.000,0.000,0.000,0.000,-0.000,0.000,100.000,0.000,0.000,0.000,0.000
2026-05-27T162606Z_all_200_custom,2026-05-27T162606Z_all_200_custom_coverage_centralized_coverage_ideal-cascade-failure,coverage,coverage,0,200,centralized,coverage/ideal-cascade-failure,200,1.000,1.000,3.000,0.000,1826.415,129.125,0.000,0.000,0.000,0.951,0.000,1.000,2.930,1.000,81394.245,7.610,100.000,100.000,0.000,0.000,0.000,0.000,0.000,0.000,0.000,1.000,1.000,-0.000,0.000,0.000,0.000,0.000,-0.000,0.000,100.000,0.000,0.000,0.000,0.000
2026-05-27T162606Z_all_200_custom,2026-05-27T162606Z_all_200_custom_coverage_centralized_coverage_ideal-no-failures,coverage,coverage,0,200,centralized,coverage/ideal-no-failures,200,1.000,1.000,0.000,0.000,90.000,0.000,0.000,0.000,0.000,1.000,0.000,1.000,0.000,1.000,3960.000,0.000,100.000,100.000,0.000,0.000,0.000,0.000,0.000,0.000,0.000,1.000,1.000,-0.000,0.000,0.000,0.000,0.000,-0.000,0.000,100.000,0.000,0.000,0.000,0.000
2026-05-27T162606Z_all_200_custom,2026-05-27T162606Z_all_200_custom_coverage_centralized_coverage_heavy-loss-no-failures,coverage,coverage,0,200,centralized,coverage/heavy-loss-no-failures,200,1.000,1.000,0.000,0.000,90.000,27.225,0.000,0.000,0.000,1.000,0.000,1.000,0.000,1.000,3960.000,1.000,100.000,100.000,0.000,0.000,0.000,0.000,0.000,0.000,0.000,1.000,1.000,-0.000,0.000,0.000,0.000,0.000,-0.000,0.000,100.000,0.000,0.000,0.000,0.000
2026-05-27T162606Z_all_200_custom,2026-05-27T162606Z_all_200_custom_emergency-mesh_centralized_emergency-mesh_packet-loss-10,emergency-mesh,emergency-mesh,0,200,centralized,emergency-mesh/packet-loss-10,200,0.725,1.000,0.000,0.000,7980.000,3278.630,0.000,0.000,0.000,0.618,0.026,2.357,1.180,1.000,809340.000,143.130,100.000,100.000,0.000,0.000,0.000,0.000,0.000,0.000,0.000,1.000,1.000,-0.000,0.000,0.000,0.000,0.000,-0.000,0.000,100.000,0.000,0.000,0.000,0.000
2026-05-27T162606Z_all_200_custom,2026-05-27T162606Z_all_200_custom_emergency-mesh_centralized_emergency-mesh_single-failure,emergency-mesh,emergency-mesh,0,200,centralized,emergency-mesh/single-failure,200,1.000,1.000,0.855,0.000,413.500,145.340,0.000,0.000,0.000,0.571,0.000,2.350,3.620,1.000,40287.750,8.290,100.000,100.000,0.000,0.000,0.000,0.000,0.000,0.000,0.000,1.000,1.000,-0.000,0.000,0.000,0.000,0.000,-0.000,0.000,100.000,0.000,0.000,0.000,0.000
2026-05-27T162606Z_all_200_custom,2026-05-27T162606Z_all_200_custom_emergency-mesh_centralized_emergency-mesh_medium-loss,emergency-mesh,emergency-mesh,0,200,centralized,emergency-mesh/medium-loss,200,0.825,1.000,0.000,0.000,9990.000,5078.450,0.000,0.000,0.000,0.500,0.000,2.274,1.600,1.000,1016550.000,206.295,100.000,100.000,0.000,0.000,0.000,0.000,0.000,0.000,0.000,1.000,1.000,-0.000,0.000,0.000,0.000,0.000,-0.000,0.000,100.000,0.000,0.000,0.000,0.000
2026-05-27T162606Z_all_200_custom,2026-05-27T162606Z_all_200_custom_emergency-mesh_centralized_emergency-mesh_low-loss,emergency-mesh,emergency-mesh,0,200,centralized,emergency-mesh/low-loss,200,0.715,1.000,0.000,0.000,7980.000,3019.095,0.000,0.000,0.000,0.618,0.000,2.357,1.180,1.000,809340.000,143.075,100.000,100.000,0.000,0.000,0.000,0.000,0.000,0.000,0.000,1.000,1.000,-0.000,0.000,0.000,0.000,0.000,-0.000,0.000,100.000,0.000,0.000,0.000,0.000
2026-05-27T162606Z_all_200_custom,2026-05-27T162606Z_all_200_custom_emergency-mesh_centralized_emergency-mesh_ideal,emergency-mesh,emergency-mesh,0,200,centralized,emergency-mesh/ideal,200,0.715,1.000,0.000,0.000,7980.000,2758.420,0.000,0.000,0.000,0.618,0.000,2.357,1.180,1.000,809340.000,143.000,100.000,100.000,0.000,0.000,0.000,0.000,0.000,0.000,0.000,1.000,1.000,-0.000,0.000,0.000,0.000,0.000,-0.000,0.000,100.000,0.000,0.000,0.000,0.000
2026-05-27T162606Z_all_200_custom,2026-05-27T162606Z_all_200_custom_sar_centralized_sar_ideal,sar,sar,0,200,centralized,sar/ideal,200,0.000,0.000,0.000,0.000,8000.000,7253.530,0.000,0.000,147.065,0.045,0.000,0.261,4.830,0.972,1911840.000,299.970,96.440,97.851,3.059,0.090,0.180,0.000,0.337,0.562,0.000,1.000,1.000,-0.000,0.000,0.000,0.000,0.000,-0.000,0.000,96.440,0.000,0.000,0.000,0.000
2026-05-27T162606Z_all_200_custom,2026-05-27T162606Z_all_200_custom_sar_centralized_sar_standard,sar,sar,0,200,centralized,sar/standard,200,0.010,0.010,0.000,0.000,22386.000,21408.120,0.000,0.000,211.050,0.010,0.000,0.237,6.865,0.985,8605422.000,400.000,96.322,97.879,3.886,0.063,0.190,0.000,0.305,0.448,0.000,1.000,1.000,-0.000,0.000,0.000,0.000,0.000,-0.000,0.000,96.322,0.000,0.000,0.000,0.000
2026-05-27T162606Z_all_200_custom,2026-05-27T162606Z_all_200_custom_inspection_centralized_inspection_perimeter,inspection,inspection,0,200,centralized,inspection/perimeter,200,0.065,0.065,0.000,0.000,6000.000,2374.260,0.000,0.000,6775.840,0.378,0.000,1.000,1.000,0.019,274704.000,102.785,0.018,22.505,0.000,0.000,0.000,0.000,0.000,0.000,0.000,1.000,1.000,-0.000,0.597,16.120,0.000,0.194,-0.000,0.000,0.018,0.000,0.000,0.000,0.000
2026-05-27T162606Z_all_200_custom,2026-05-27T162606Z_all_200_custom_inspection_centralized_inspection_random,inspection,inspection,0,200,centralized,inspection/random,200,1.000,1.000,0.000,0.000,10000.000,1762.160,0.000,0.000,8992.030,0.575,0.000,1.000,0.975,0.000,457840.000,147.390,100.000,100.000,0.000,0.000,0.000,0.000,0.000,0.000,0.000,1.000,1.000,-0.000,1.000,0.000,0.000,0.688,-0.000,0.000,100.000,0.000,0.000,0.000,0.000
2026-05-27T162606Z_all_200_custom,2026-05-27T162606Z_all_200_custom_inspection_centralized_inspection_linear,inspection,inspection,0,200,centralized,inspection/linear,200,1.000,1.000,0.000,0.000,3000.000,1896.000,0.000,0.000,4725.000,0.055,0.000,1.000,1.000,0.000,137352.000,474.000,100.000,100.000,0.000,0.000,0.000,0.000,0.000,0.000,0.000,1.000,1.000,-0.000,1.000,0.000,0.000,0.556,-0.000,0.000,100.000,0.000,0.000,0.000,0.000
2026-05-27T162606Z_all_200_custom,2026-05-27T162606Z_all_200_custom_wildfire_centralized_wildfire_small-static,wildfire,wildfire,0,200,centralized,wildfire/small-static,200,0.995,1.000,0.000,0.000,5.980,0.000,0.000,0.000,2.545,1.000,0.000,1.000,0.000,0.998,268.960,0.000,99.975,99.984,0.000,0.000,0.000,0.000,0.000,0.000,0.000,1.000,1.000,-0.000,0.000,0.000,0.000,0.000,-0.000,0.000,99.975,0.000,0.015,0.000,0.500
2026-05-27T162606Z_all_200_custom,2026-05-27T162606Z_all_200_custom_wildfire_centralized_wildfire_medium-dynamic,wildfire,wildfire,0,200,centralized,wildfire/medium-dynamic,200,0.975,1.000,0.000,0.000,131.700,0.000,0.000,0.000,31.895,1.000,0.000,1.000,0.000,0.991,6002.400,0.000,99.945,99.972,0.000,0.000,0.000,0.000,0.000,0.000,0.000,1.000,1.000,-0.000,0.000,0.000,0.000,0.000,-0.000,0.000,99.945,0.000,0.100,2.900,0.317
2026-05-27T162606Z_all_200_custom,2026-05-27T162606Z_all_200_custom_coverage_auction_coverage_high-latency-multiple-failures,coverage,coverage,0,200,auction,coverage/high-latency-multiple-failures,200,1.000,1.000,0.000,0.000,14604.480,3020.080,0.000,0.000,0.000,1.000,0.000,1.000,0.000,1.000,663680.925,189.560,100.000,100.000,0.000,0.000,0.000,0.000,0.000,0.000,0.000,1.000,1.000,-0.000,0.000,0.000,0.000,0.000,-0.000,0.000,100.000,0.000,0.000,0.000,0.000
2026-05-27T162606Z_all_200_custom,2026-05-27T162606Z_all_200_custom_coverage_auction_coverage_medium-loss-no-failures,coverage,coverage,0,200,auction,coverage/medium-loss-no-failures,200,1.000,1.000,0.000,0.000,90.000,13.520,0.000,0.000,0.000,1.000,0.000,1.000,0.000,1.000,3960.000,1.000,100.000,100.000,0.000,0.000,0.000,0.000,0.000,0.000,0.000,1.000,1.000,-0.000,0.000,0.000,0.000,0.000,-0.000,0.000,100.000,0.000,0.000,0.000,0.000
2026-05-27T162606Z_all_200_custom,2026-05-27T162606Z_all_200_custom_coverage_auction_coverage_medium-loss-multiple-failures,coverage,coverage,0,200,auction,coverage/medium-loss-multiple-failures,200,1.000,1.000,0.000,0.000,14604.480,4756.015,0.000,0.000,0.000,0.997,0.000,1.000,1.915,1.000,663680.925,189.760,100.000,100.000,0.000,0.000,0.000,0.000,0.000,0.000,0.000,1.000,1.000,-0.000,0.000,0.000,0.000,0.000,-0.000,0.000,100.000,0.000,0.000,0.000,0.000
2026-05-27T162606Z_all_200_custom,2026-05-27T162606Z_all_200_custom_coverage_auction_coverage_medium-loss-cascade-failure,coverage,coverage,0,200,auction,coverage/medium-loss-cascade-failure,200,1.000,1.000,0.000,0.000,13038.210,5240.530,0.000,0.000,0.000,0.995,0.000,1.000,2.745,1.000,592288.020,185.780,100.000,100.000,0.000,0.000,0.000,0.000,0.000,0.000,0.000,1.000,1.000,-0.000,0.000,0.000,0.000,0.000,-0.000,0.000,100.000,0.000,0.000,0.000,0.000
2026-05-27T162606Z_all_200_custom,2026-05-27T162606Z_all_200_custom_coverage_auction_coverage_partition-prone-cascade-failure,coverage,coverage,0,200,auction,coverage/partition-prone-cascade-failure,200,1.000,1.000,0.000,0.000,13038.210,5351.680,0.000,0.000,0.000,0.992,0.000,1.000,2.820,1.000,592288.020,185.705,100.000,100.000,0.000,0.000,0.000,0.000,0.000,0.000,0.000,1.000,1.000,-0.000,0.000,0.000,0.000,0.000,-0.000,0.000,100.000,0.000,0.000,0.000,0.000
2026-05-27T162606Z_all_200_custom,2026-05-27T162606Z_all_200_custom_coverage_auction_coverage_heavy-loss-cascade-failure,coverage,coverage,0,200,auction,coverage/heavy-loss-cascade-failure,200,1.000,1.000,0.000,0.000,13038.210,6618.070,0.000,0.000,0.000,1.000,0.000,1.000,0.000,1.000,592288.020,186.045,100.000,100.000,0.000,0.000,0.000,0.000,0.000,0.000,0.000,1.000,1.000,-0.000,0.000,0.000,0.000,0.000,-0.000,0.000,100.000,0.000,0.000,0.000,0.000
2026-05-27T162606Z_all_200_custom,2026-05-27T162606Z_all_200_custom_coverage_auction_coverage_light-loss-no-failures,coverage,coverage,0,200,auction,coverage/light-loss-no-failures,200,1.000,1.000,0.000,0.000,90.000,4.675,0.000,0.000,0.000,1.000,0.000,1.000,0.000,1.000,3960.000,1.000,100.000,100.000,0.000,0.000,0.000,0.000,0.000,0.000,0.000,1.000,1.000,-0.000,0.000,0.000,0.000,0.000,-0.000,0.000,100.000,0.000,0.000,0.000,0.000
2026-05-27T162606Z_all_200_custom,2026-05-27T162606Z_all_200_custom_coverage_auction_coverage_ideal-single-failure,coverage,coverage,0,200,auction,coverage/ideal-single-failure,200,1.000,1.000,3.000,0.000,1129.950,36.000,0.000,0.000,0.000,0.975,0.000,1.000,1.000,1.000,50058.000,4.000,100.000,100.000,0.000,0.000,0.000,0.000,0.000,0.000,0.000,1.000,1.000,-0.000,0.000,0.000,0.000,0.000,-0.000,0.000,100.000,0.000,0.000,0.000,0.000
2026-05-27T162606Z_all_200_custom,2026-05-27T162606Z_all_200_custom_coverage_auction_coverage_partition-prone-single-failure,coverage,coverage,0,200,auction,coverage/partition-prone-single-failure,200,1.000,1.000,0.000,0.000,16280.595,3904.160,0.000,0.000,0.000,0.998,0.000,1.000,1.000,1.000,740010.330,191.160,100.000,100.000,0.000,0.000,0.000,0.000,0.000,0.000,0.000,1.000,1.000,-0.000,0.000,0.000,0.000,0.000,-0.000,0.000,100.000,0.000,0.000,0.000,0.000
2026-05-27T162606Z_all_200_custom,2026-05-27T162606Z_all_200_custom_coverage_auction_coverage_high-latency-no-failures,coverage,coverage,0,200,auction,coverage/high-latency-no-failures,200,1.000,1.000,0.000,0.000,90.000,0.000,0.000,0.000,0.000,1.000,0.000,1.000,0.000,1.000,3960.000,1.000,100.000,100.000,0.000,0.000,0.000,0.000,0.000,0.000,0.000,1.000,1.000,-0.000,0.000,0.000,0.000,0.000,-0.000,0.000,100.000,0.000,0.000,0.000,0.000
2026-05-27T162606Z_all_200_custom,2026-05-27T162606Z_all_200_custom_coverage_auction_coverage_light-loss-cascade-failure,coverage,coverage,0,200,auction,coverage/light-loss-cascade-failure,200,1.000,1.000,2.180,0.000,9261.360,2940.065,0.000,0.000,0.000,0.980,0.000,1.000,2.860,1.000,420198.165,125.715,100.000,100.000,0.000,0.000,0.000,0.000,0.000,0.000,0.000,1.000,1.000,-0.000,0.000,0.000,0.000,0.000,-0.000,0.000,100.000,0.000,0.000,0.000,0.000
2026-05-27T162606Z_all_200_custom,2026-05-27T162606Z_all_200_custom_coverage_auction_coverage_high-latency-single-failure,coverage,coverage,0,200,auction,coverage/high-latency-single-failure,200,1.000,1.000,0.000,0.000,16280.595,1719.405,0.000,0.000,0.000,1.000,0.000,1.000,0.000,1.000,740010.330,191.045,100.000,100.000,0.000,0.000,0.000,0.000,0.000,0.000,0.000,1.000,1.000,-0.000,0.000,0.000,0.000,0.000,-0.000,0.000,100.000,0.000,0.000,0.000,0.000
2026-05-27T162606Z_all_200_custom,2026-05-27T162606Z_all_200_custom_coverage_auction_coverage_heavy-loss-single-failure,coverage,coverage,0,200,auction,coverage/heavy-loss-single-failure,200,1.000,1.000,0.000,0.000,16280.595,6090.420,0.000,0.000,0.000,1.000,0.000,1.000,0.000,1.000,740010.330,191.470,100.000,100.000,0.000,0.000,0.000,0.000,0.000,0.000,0.000,1.000,1.000,-0.000,0.000,0.000,0.000,0.000,-0.000,0.000,100.000,0.000,0.000,0.000,0.000
2026-05-27T162606Z_all_200_custom,2026-05-27T162606Z_all_200_custom_coverage_auction_coverage_high-latency-cascade-failure,coverage,coverage,0,200,auction,coverage/high-latency-cascade-failure,200,1.000,1.000,0.000,0.000,13038.210,3866.390,0.000,0.000,0.000,1.000,0.000,1.000,0.000,1.000,592288.020,185.575,100.000,100.000,0.000,0.000,0.000,0.000,0.000,0.000,0.000,1.000,1.000,-0.000,0.000,0.000,0.000,0.000,-0.000,0.000,100.000,0.000,0.000,0.000,0.000
2026-05-27T162606Z_all_200_custom,2026-05-27T162606Z_all_200_custom_coverage_auction_coverage_partition-prone-multiple-failures,coverage,coverage,0,200,auction,coverage/partition-prone-multiple-failures,200,1.000,1.000,0.025,0.000,14604.480,4775.960,0.000,0.000,0.000,0.995,0.000,1.000,1.925,1.000,663680.925,189.715,100.000,100.000,0.000,0.000,0.000,0.000,0.000,0.000,0.000,1.000,1.000,-0.000,0.000,0.000,0.000,0.000,-0.000,0.000,100.000,0.000,0.000,0.000,0.000
2026-05-27T162606Z_all_200_custom,2026-05-27T162606Z_all_200_custom_coverage_auction_coverage_light-loss-single-failure,coverage,coverage,0,200,auction,coverage/light-loss-single-failure,200,1.000,1.000,2.355,0.000,7486.425,1078.540,0.000,0.000,0.000,0.985,0.000,1.000,1.000,1.000,339531.750,82.535,100.000,100.000,0.000,0.000,0.000,0.000,0.000,0.000,0.000,1.000,1.000,-0.000,0.000,0.000,0.000,0.000,-0.000,0.000,100.000,0.000,0.000,0.000,0.000
2026-05-27T162606Z_all_200_custom,2026-05-27T162606Z_all_200_custom_coverage_auction_coverage_heavy-loss-multiple-failures,coverage,coverage,0,200,auction,coverage/heavy-loss-multiple-failures,200,1.000,1.000,0.000,0.000,14604.480,6497.710,0.000,0.000,0.000,1.000,0.000,1.000,0.000,1.000,663680.925,190.105,100.000,100.000,0.000,0.000,0.000,0.000,0.000,0.000,0.000,1.000,1.000,-0.000,0.000,0.000,0.000,0.000,-0.000,0.000,100.000,0.000,0.000,0.000,0.000
2026-05-27T162606Z_all_200_custom,2026-05-27T162606Z_all_200_custom_coverage_auction_coverage_ideal-multiple-failures,coverage,coverage,0,200,auction,coverage/ideal-multiple-failures,200,1.000,1.000,3.000,0.000,1376.640,80.560,0.000,0.000,0.000,0.959,0.000,1.000,1.940,1.000,61156.125,5.840,100.000,100.000,0.000,0.000,0.000,0.000,0.000,0.000,0.000,1.000,1.000,-0.000,0.000,0.000,0.000,0.000,-0.000,0.000,100.000,0.000,0.000,0.000,0.000
2026-05-27T162606Z_all_200_custom,2026-05-27T162606Z_all_200_custom_coverage_auction_coverage_medium-loss-single-failure,coverage,coverage,0,200,auction,coverage/medium-loss-single-failure,200,1.000,1.000,0.000,0.000,16280.595,3902.110,0.000,0.000,0.000,0.999,0.000,1.000,1.000,1.000,740010.330,191.200,100.000,100.000,0.000,0.000,0.000,0.000,0.000,0.000,0.000,1.000,1.000,-0.000,0.000,0.000,0.000,0.000,-0.000,0.000,100.000,0.000,0.000,0.000,0.000
2026-05-27T162606Z_all_200_custom,2026-05-27T162606Z_all_200_custom_coverage_auction_coverage_light-loss-multiple-failures,coverage,coverage,0,200,auction,coverage/light-loss-multiple-failures,200,1.000,1.000,2.215,0.000,9097.560,2161.695,0.000,0.000,0.000,0.981,0.000,1.000,1.940,1.000,412851.645,113.115,100.000,100.000,0.000,0.000,0.000,0.000,0.000,0.000,0.000,1.000,1.000,-0.000,0.000,0.000,0.000,0.000,-0.000,0.000,100.000,0.000,0.000,0.000,0.000
2026-05-27T162606Z_all_200_custom,2026-05-27T162606Z_all_200_custom_coverage_auction_coverage_partition-prone-no-failures,coverage,coverage,0,200,auction,coverage/partition-prone-no-failures,200,1.000,1.000,0.000,0.000,18000.000,2697.475,0.000,0.000,0.000,1.000,0.000,1.000,0.000,1.000,818280.000,2.660,100.000,100.000,0.000,0.000,0.000,0.000,0.000,0.000,0.000,1.000,1.000,-0.000,0.000,0.000,0.000,0.000,-0.000,0.000,100.000,0.000,0.000,0.000,0.000
2026-05-27T162606Z_all_200_custom,2026-05-27T162606Z_all_200_custom_coverage_auction_coverage_ideal-cascade-failure,coverage,coverage,0,200,auction,coverage/ideal-cascade-failure,200,1.000,1.000,3.000,0.000,1826.415,129.125,0.000,0.000,0.000,0.951,0.000,1.000,2.930,1.000,81394.245,7.610,100.000,100.000,0.000,0.000,0.000,0.000,0.000,0.000,0.000,1.000,1.000,-0.000,0.000,0.000,0.000,0.000,-0.000,0.000,100.000,0.000,0.000,0.000,0.000
2026-05-27T162606Z_all_200_custom,2026-05-27T162606Z_all_200_custom_coverage_auction_coverage_ideal-no-failures,coverage,coverage,0,200,auction,coverage/ideal-no-failures,200,1.000,1.000,0.000,0.000,90.000,0.000,0.000,0.000,0.000,1.000,0.000,1.000,0.000,1.000,3960.000,0.000,100.000,100.000,0.000,0.000,0.000,0.000,0.000,0.000,0.000,1.000,1.000,-0.000,0.000,0.000,0.000,0.000,-0.000,0.000,100.000,0.000,0.000,0.000,0.000
2026-05-27T162606Z_all_200_custom,2026-05-27T162606Z_all_200_custom_coverage_auction_coverage_heavy-loss-no-failures,coverage,coverage,0,200,auction,coverage/heavy-loss-no-failures,200,1.000,1.000,0.000,0.000,90.000,27.225,0.000,0.000,0.000,1.000,0.000,1.000,0.000,1.000,3960.000,1.000,100.000,100.000,0.000,0.000,0.000,0.000,0.000,0.000,0.000,1.000,1.000,-0.000,0.000,0.000,0.000,0.000,-0.000,0.000,100.000,0.000,0.000,0.000,0.000
2026-05-27T162606Z_all_200_custom,2026-05-27T162606Z_all_200_custom_emergency-mesh_auction_emergency-mesh_packet-loss-10,emergency-mesh,emergency-mesh,0,200,auction,emergency-mesh/packet-loss-10,200,0.370,0.645,0.000,0.470,7980.000,3070.160,0.000,0.000,1.825,0.648,0.235,2.353,1.265,0.823,769224.375,126.730,100.000,100.000,0.000,0.000,0.000,0.000,0.000,0.000,0.000,1.000,1.000,-0.000,0.000,0.000,0.000,0.000,-0.000,0.000,100.000,0.000,0.000,0.000,0.000
2026-05-27T162606Z_all_200_custom,2026-05-27T162606Z_all_200_custom_emergency-mesh_auction_emergency-mesh_single-failure,emergency-mesh,emergency-mesh,0,200,auction,emergency-mesh/single-failure,200,0.555,0.555,0.855,0.400,5216.000,3128.470,0.000,0.000,1.450,0.281,0.184,2.326,3.865,0.777,485210.750,151.225,100.000,100.000,0.000,0.000,0.000,0.000,0.000,0.000,0.000,1.000,1.000,-0.000,0.000,0.000,0.000,0.000,-0.000,0.000,100.000,0.000,0.000,0.000,0.000
2026-05-27T162606Z_all_200_custom,2026-05-27T162606Z_all_200_custom_emergency-mesh_auction_emergency-mesh_medium-loss,emergency-mesh,emergency-mesh,0,200,auction,emergency-mesh/medium-loss,200,0.320,0.495,0.000,0.612,9990.000,4828.140,0.000,0.000,5.155,0.501,0.273,2.266,1.700,0.748,937783.125,191.520,100.000,100.000,0.000,0.000,0.000,0.000,0.000,0.000,0.000,1.000,1.000,-0.000,0.000,0.000,0.000,0.000,-0.000,0.000,100.000,0.000,0.000,0.000,0.000
2026-05-27T162606Z_all_200_custom,2026-05-27T162606Z_all_200_custom_emergency-mesh_auction_emergency-mesh_low-loss,emergency-mesh,emergency-mesh,0,200,auction,emergency-mesh/low-loss,200,0.315,0.600,0.000,0.527,7980.000,2858.600,0.000,0.000,1.370,0.604,0.256,2.358,1.270,0.800,765986.250,129.565,100.000,100.000,0.000,0.000,0.000,0.000,0.000,0.000,0.000,1.000,1.000,-0.000,0.000,0.000,0.000,0.000,-0.000,0.000,100.000,0.000,0.000,0.000,0.000
2026-05-27T162606Z_all_200_custom,2026-05-27T162606Z_all_200_custom_emergency-mesh_auction_emergency-mesh_ideal,emergency-mesh,emergency-mesh,0,200,auction,emergency-mesh/ideal,200,0.365,0.650,0.000,0.538,7980.000,2495.710,0.000,0.000,1.310,0.653,0.305,2.363,1.280,0.825,768999.375,124.320,100.000,100.000,0.000,0.000,0.000,0.000,0.000,0.000,0.000,1.000,1.000,-0.000,0.000,0.000,0.000,0.000,-0.000,0.000,100.000,0.000,0.000,0.000,0.000
2026-05-27T162606Z_all_200_custom,2026-05-27T162606Z_all_200_custom_sar_auction_sar_ideal,sar,sar,0,200,auction,sar/ideal,200,0.675,0.680,0.000,0.000,8000.000,6293.890,0.000,0.000,799.680,0.057,0.000,0.341,4.880,0.986,1910889.940,295.305,87.638,94.734,7.787,0.163,0.325,0.000,0.370,0.549,0.000,1.000,1.000,-0.000,0.000,0.000,0.000,0.000,-0.000,0.000,87.638,0.000,0.000,0.000,0.000
2026-05-27T162606Z_all_200_custom,2026-05-27T162606Z_all_200_custom_sar_auction_sar_standard,sar,sar,0,200,auction,sar/standard,200,0.730,0.730,0.000,0.000,22386.000,20230.960,0.000,0.000,1260.855,0.028,0.000,0.290,6.910,0.986,8598455.190,400.000,84.240,94.908,8.389,0.100,0.300,0.000,0.317,0.450,0.000,1.000,1.000,-0.000,0.000,0.000,0.000,0.000,-0.000,0.000,84.240,0.000,0.000,0.000,0.000
2026-05-27T162606Z_all_200_custom,2026-05-27T162606Z_all_200_custom_inspection_auction_inspection_perimeter,inspection,inspection,0,200,auction,inspection/perimeter,200,0.235,0.235,0.000,0.000,6000.000,2361.200,0.000,0.000,10562.765,0.235,0.000,1.012,1.130,0.107,274704.000,168.420,0.054,22.275,0.000,0.000,0.000,0.000,0.000,0.000,0.000,1.000,1.000,-0.000,0.769,9.235,11.635,0.150,-0.000,0.000,0.054,0.000,0.000,0.000,0.000
2026-05-27T162606Z_all_200_custom,2026-05-27T162606Z_all_200_custom_inspection_auction_inspection_random,inspection,inspection,0,200,auction,inspection/random,200,1.000,1.000,0.000,0.000,10000.000,1754.600,0.000,0.000,16107.500,0.578,0.000,1.000,0.970,0.000,457840.000,144.675,100.000,100.000,0.000,0.000,0.000,0.000,0.000,0.000,0.000,1.000,1.000,-0.000,1.000,0.000,21.630,0.375,-0.000,0.000,100.000,0.000,0.000,0.000,0.000
2026-05-27T162606Z_all_200_custom,2026-05-27T162606Z_all_200_custom_inspection_auction_inspection_linear,inspection,inspection,0,200,auction,inspection/linear,200,1.000,1.000,0.000,0.000,3000.000,1896.000,0.000,0.000,9160.000,0.055,0.000,1.000,1.000,0.000,137352.000,474.000,100.000,100.000,0.000,0.000,0.000,0.000,0.000,0.000,0.000,1.000,1.000,-0.000,1.000,0.000,10.000,0.300,-0.000,0.000,100.000,0.000,0.000,0.000,0.000
2026-05-27T162606Z_all_200_custom,2026-05-27T162606Z_all_200_custom_wildfire_auction_wildfire_small-static,wildfire,wildfire,0,200,auction,wildfire/small-static,200,0.995,1.000,0.000,0.000,5.980,0.000,0.000,0.000,2.545,1.000,0.000,1.000,0.000,0.998,268.960,0.000,99.975,99.984,0.000,0.000,0.000,0.000,0.000,0.000,0.000,1.000,1.000,-0.000,0.000,0.000,0.000,0.000,-0.000,0.000,99.975,0.000,0.015,0.000,0.500
2026-05-27T162606Z_all_200_custom,2026-05-27T162606Z_all_200_custom_wildfire_auction_wildfire_medium-dynamic,wildfire,wildfire,0,200,auction,wildfire/medium-dynamic,200,0.975,1.000,0.000,0.000,131.700,0.000,0.000,0.000,32.075,1.000,0.000,1.000,0.000,0.991,6002.400,0.000,99.945,99.973,0.000,0.000,0.000,0.000,0.000,0.000,0.000,1.000,1.000,-0.000,0.000,0.000,0.000,0.000,-0.000,0.000,99.945,0.000,0.100,2.900,0.317
2026-05-27T162606Z_all_200_custom,2026-05-27T162606Z_all_200_custom_coverage_connectivity-aware_coverage_high-latency-multiple-failures,coverage,coverage,0,200,connectivity-aware,coverage/high-latency-multiple-failures,200,1.000,1.000,0.000,0.000,14604.480,3020.080,0.000,0.000,0.000,1.000,0.000,1.000,0.000,1.000,663680.925,189.560,100.000,100.000,0.000,0.000,0.000,0.000,0.000,0.000,0.000,1.000,1.000,-0.000,0.000,0.000,0.000,0.000,-0.000,0.000,100.000,0.000,0.000,0.000,0.000
2026-05-27T162606Z_all_200_custom,2026-05-27T162606Z_all_200_custom_coverage_connectivity-aware_coverage_medium-loss-no-failures,coverage,coverage,0,200,connectivity-aware,coverage/medium-loss-no-failures,200,1.000,1.000,0.000,0.000,90.000,13.520,0.000,0.000,0.000,1.000,0.000,1.000,0.000,1.000,3960.000,1.000,100.000,100.000,0.000,0.000,0.000,0.000,0.000,0.000,0.000,1.000,1.000,-0.000,0.000,0.000,0.000,0.000,-0.000,0.000,100.000,0.000,0.000,0.000,0.000
2026-05-27T162606Z_all_200_custom,2026-05-27T162606Z_all_200_custom_coverage_connectivity-aware_coverage_medium-loss-multiple-failures,coverage,coverage,0,200,connectivity-aware,coverage/medium-loss-multiple-failures,200,1.000,1.000,0.000,0.000,14604.480,4756.015,0.000,0.000,0.000,0.997,0.000,1.000,1.915,1.000,663680.925,189.760,100.000,100.000,0.000,0.000,0.000,0.000,0.000,0.000,0.000,1.000,1.000,-0.000,0.000,0.000,0.000,0.000,-0.000,0.000,100.000,0.000,0.000,0.000,0.000
2026-05-27T162606Z_all_200_custom,2026-05-27T162606Z_all_200_custom_coverage_connectivity-aware_coverage_medium-loss-cascade-failure,coverage,coverage,0,200,connectivity-aware,coverage/medium-loss-cascade-failure,200,1.000,1.000,0.000,0.000,13038.210,5240.530,0.000,0.000,0.000,0.995,0.000,1.000,2.745,1.000,592288.020,185.780,100.000,100.000,0.000,0.000,0.000,0.000,0.000,0.000,0.000,1.000,1.000,-0.000,0.000,0.000,0.000,0.000,-0.000,0.000,100.000,0.000,0.000,0.000,0.000
2026-05-27T162606Z_all_200_custom,2026-05-27T162606Z_all_200_custom_coverage_connectivity-aware_coverage_partition-prone-cascade-failure,coverage,coverage,0,200,connectivity-aware,coverage/partition-prone-cascade-failure,200,1.000,1.000,0.000,0.000,13038.210,5351.680,0.000,0.000,0.000,0.992,0.000,1.000,2.820,1.000,592288.020,185.705,100.000,100.000,0.000,0.000,0.000,0.000,0.000,0.000,0.000,1.000,1.000,-0.000,0.000,0.000,0.000,0.000,-0.000,0.000,100.000,0.000,0.000,0.000,0.000
2026-05-27T162606Z_all_200_custom,2026-05-27T162606Z_all_200_custom_coverage_connectivity-aware_coverage_heavy-loss-cascade-failure,coverage,coverage,0,200,connectivity-aware,coverage/heavy-loss-cascade-failure,200,1.000,1.000,0.000,0.000,13038.210,6618.070,0.000,0.000,0.000,1.000,0.000,1.000,0.000,1.000,592288.020,186.045,100.000,100.000,0.000,0.000,0.000,0.000,0.000,0.000,0.000,1.000,1.000,-0.000,0.000,0.000,0.000,0.000,-0.000,0.000,100.000,0.000,0.000,0.000,0.000
2026-05-27T162606Z_all_200_custom,2026-05-27T162606Z_all_200_custom_coverage_connectivity-aware_coverage_light-loss-no-failures,coverage,coverage,0,200,connectivity-aware,coverage/light-loss-no-failures,200,1.000,1.000,0.000,0.000,90.000,4.675,0.000,0.000,0.000,1.000,0.000,1.000,0.000,1.000,3960.000,1.000,100.000,100.000,0.000,0.000,0.000,0.000,0.000,0.000,0.000,1.000,1.000,-0.000,0.000,0.000,0.000,0.000,-0.000,0.000,100.000,0.000,0.000,0.000,0.000
2026-05-27T162606Z_all_200_custom,2026-05-27T162606Z_all_200_custom_coverage_connectivity-aware_coverage_ideal-single-failure,coverage,coverage,0,200,connectivity-aware,coverage/ideal-single-failure,200,1.000,1.000,3.000,0.000,1129.950,36.000,0.000,0.000,0.000,0.975,0.000,1.000,1.000,1.000,50058.000,4.000,100.000,100.000,0.000,0.000,0.000,0.000,0.000,0.000,0.000,1.000,1.000,-0.000,0.000,0.000,0.000,0.000,-0.000,0.000,100.000,0.000,0.000,0.000,0.000
2026-05-27T162606Z_all_200_custom,2026-05-27T162606Z_all_200_custom_coverage_connectivity-aware_coverage_partition-prone-single-failure,coverage,coverage,0,200,connectivity-aware,coverage/partition-prone-single-failure,200,1.000,1.000,0.000,0.000,16280.595,3904.160,0.000,0.000,0.000,0.998,0.000,1.000,1.000,1.000,740010.330,191.160,100.000,100.000,0.000,0.000,0.000,0.000,0.000,0.000,0.000,1.000,1.000,-0.000,0.000,0.000,0.000,0.000,-0.000,0.000,100.000,0.000,0.000,0.000,0.000
2026-05-27T162606Z_all_200_custom,2026-05-27T162606Z_all_200_custom_coverage_connectivity-aware_coverage_high-latency-no-failures,coverage,coverage,0,200,connectivity-aware,coverage/high-latency-no-failures,200,1.000,1.000,0.000,0.000,90.000,0.000,0.000,0.000,0.000,1.000,0.000,1.000,0.000,1.000,3960.000,1.000,100.000,100.000,0.000,0.000,0.000,0.000,0.000,0.000,0.000,1.000,1.000,-0.000,0.000,0.000,0.000,0.000,-0.000,0.000,100.000,0.000,0.000,0.000,0.000
2026-05-27T162606Z_all_200_custom,2026-05-27T162606Z_all_200_custom_coverage_connectivity-aware_coverage_light-loss-cascade-failure,coverage,coverage,0,200,connectivity-aware,coverage/light-loss-cascade-failure,200,1.000,1.000,2.180,0.000,9261.360,2940.065,0.000,0.000,0.000,0.980,0.000,1.000,2.860,1.000,420198.165,125.715,100.000,100.000,0.000,0.000,0.000,0.000,0.000,0.000,0.000,1.000,1.000,-0.000,0.000,0.000,0.000,0.000,-0.000,0.000,100.000,0.000,0.000,0.000,0.000
2026-05-27T162606Z_all_200_custom,2026-05-27T162606Z_all_200_custom_coverage_connectivity-aware_coverage_high-latency-single-failure,coverage,coverage,0,200,connectivity-aware,coverage/high-latency-single-failure,200,1.000,1.000,0.000,0.000,16280.595,1719.405,0.000,0.000,0.000,1.000,0.000,1.000,0.000,1.000,740010.330,191.045,100.000,100.000,0.000,0.000,0.000,0.000,0.000,0.000,0.000,1.000,1.000,-0.000,0.000,0.000,0.000,0.000,-0.000,0.000,100.000,0.000,0.000,0.000,0.000
2026-05-27T162606Z_all_200_custom,2026-05-27T162606Z_all_200_custom_coverage_connectivity-aware_coverage_heavy-loss-single-failure,coverage,coverage,0,200,connectivity-aware,coverage/heavy-loss-single-failure,200,1.000,1.000,0.000,0.000,16280.595,6090.420,0.000,0.000,0.000,1.000,0.000,1.000,0.000,1.000,740010.330,191.470,100.000,100.000,0.000,0.000,0.000,0.000,0.000,0.000,0.000,1.000,1.000,-0.000,0.000,0.000,0.000,0.000,-0.000,0.000,100.000,0.000,0.000,0.000,0.000
2026-05-27T162606Z_all_200_custom,2026-05-27T162606Z_all_200_custom_coverage_connectivity-aware_coverage_high-latency-cascade-failure,coverage,coverage,0,200,connectivity-aware,coverage/high-latency-cascade-failure,200,1.000,1.000,0.000,0.000,13038.210,3866.390,0.000,0.000,0.000,1.000,0.000,1.000,0.000,1.000,592288.020,185.575,100.000,100.000,0.000,0.000,0.000,0.000,0.000,0.000,0.000,1.000,1.000,-0.000,0.000,0.000,0.000,0.000,-0.000,0.000,100.000,0.000,0.000,0.000,0.000
2026-05-27T162606Z_all_200_custom,2026-05-27T162606Z_all_200_custom_coverage_connectivity-aware_coverage_partition-prone-multiple-failures,coverage,coverage,0,200,connectivity-aware,coverage/partition-prone-multiple-failures,200,1.000,1.000,0.025,0.000,14604.480,4775.960,0.000,0.000,0.000,0.995,0.000,1.000,1.925,1.000,663680.925,189.715,100.000,100.000,0.000,0.000,0.000,0.000,0.000,0.000,0.000,1.000,1.000,-0.000,0.000,0.000,0.000,0.000,-0.000,0.000,100.000,0.000,0.000,0.000,0.000
2026-05-27T162606Z_all_200_custom,2026-05-27T162606Z_all_200_custom_coverage_connectivity-aware_coverage_light-loss-single-failure,coverage,coverage,0,200,connectivity-aware,coverage/light-loss-single-failure,200,1.000,1.000,2.355,0.000,7486.425,1078.540,0.000,0.000,0.000,0.985,0.000,1.000,1.000,1.000,339531.750,82.535,100.000,100.000,0.000,0.000,0.000,0.000,0.000,0.000,0.000,1.000,1.000,-0.000,0.000,0.000,0.000,0.000,-0.000,0.000,100.000,0.000,0.000,0.000,0.000
2026-05-27T162606Z_all_200_custom,2026-05-27T162606Z_all_200_custom_coverage_connectivity-aware_coverage_heavy-loss-multiple-failures,coverage,coverage,0,200,connectivity-aware,coverage/heavy-loss-multiple-failures,200,1.000,1.000,0.000,0.000,14604.480,6497.710,0.000,0.000,0.000,1.000,0.000,1.000,0.000,1.000,663680.925,190.105,100.000,100.000,0.000,0.000,0.000,0.000,0.000,0.000,0.000,1.000,1.000,-0.000,0.000,0.000,0.000,0.000,-0.000,0.000,100.000,0.000,0.000,0.000,0.000
2026-05-27T162606Z_all_200_custom,2026-05-27T162606Z_all_200_custom_coverage_connectivity-aware_coverage_ideal-multiple-failures,coverage,coverage,0,200,connectivity-aware,coverage/ideal-multiple-failures,200,1.000,1.000,3.000,0.000,1376.640,80.560,0.000,0.000,0.000,0.959,0.000,1.000,1.940,1.000,61156.125,5.840,100.000,100.000,0.000,0.000,0.000,0.000,0.000,0.000,0.000,1.000,1.000,-0.000,0.000,0.000,0.000,0.000,-0.000,0.000,100.000,0.000,0.000,0.000,0.000
2026-05-27T162606Z_all_200_custom,2026-05-27T162606Z_all_200_custom_coverage_connectivity-aware_coverage_medium-loss-single-failure,coverage,coverage,0,200,connectivity-aware,coverage/medium-loss-single-failure,200,1.000,1.000,0.000,0.000,16280.595,3902.110,0.000,0.000,0.000,0.999,0.000,1.000,1.000,1.000,740010.330,191.200,100.000,100.000,0.000,0.000,0.000,0.000,0.000,0.000,0.000,1.000,1.000,-0.000,0.000,0.000,0.000,0.000,-0.000,0.000,100.000,0.000,0.000,0.000,0.000
2026-05-27T162606Z_all_200_custom,2026-05-27T162606Z_all_200_custom_coverage_connectivity-aware_coverage_light-loss-multiple-failures,coverage,coverage,0,200,connectivity-aware,coverage/light-loss-multiple-failures,200,1.000,1.000,2.215,0.000,9097.560,2161.695,0.000,0.000,0.000,0.981,0.000,1.000,1.940,1.000,412851.645,113.115,100.000,100.000,0.000,0.000,0.000,0.000,0.000,0.000,0.000,1.000,1.000,-0.000,0.000,0.000,0.000,0.000,-0.000,0.000,100.000,0.000,0.000,0.000,0.000
2026-05-27T162606Z_all_200_custom,2026-05-27T162606Z_all_200_custom_coverage_connectivity-aware_coverage_partition-prone-no-failures,coverage,coverage,0,200,connectivity-aware,coverage/partition-prone-no-failures,200,1.000,1.000,0.000,0.000,18000.000,2697.475,0.000,0.000,0.000,1.000,0.000,1.000,0.000,1.000,818280.000,2.660,100.000,100.000,0.000,0.000,0.000,0.000,0.000,0.000,0.000,1.000,1.000,-0.000,0.000,0.000,0.000,0.000,-0.000,0.000,100.000,0.000,0.000,0.000,0.000
2026-05-27T162606Z_all_200_custom,2026-05-27T162606Z_all_200_custom_coverage_connectivity-aware_coverage_ideal-cascade-failure,coverage,coverage,0,200,connectivity-aware,coverage/ideal-cascade-failure,200,1.000,1.000,3.000,0.000,1826.415,129.125,0.000,0.000,0.000,0.951,0.000,1.000,2.930,1.000,81394.245,7.610,100.000,100.000,0.000,0.000,0.000,0.000,0.000,0.000,0.000,1.000,1.000,-0.000,0.000,0.000,0.000,0.000,-0.000,0.000,100.000,0.000,0.000,0.000,0.000
2026-05-27T162606Z_all_200_custom,2026-05-27T162606Z_all_200_custom_coverage_connectivity-aware_coverage_ideal-no-failures,coverage,coverage,0,200,connectivity-aware,coverage/ideal-no-failures,200,1.000,1.000,0.000,0.000,90.000,0.000,0.000,0.000,0.000,1.000,0.000,1.000,0.000,1.000,3960.000,0.000,100.000,100.000,0.000,0.000,0.000,0.000,0.000,0.000,0.000,1.000,1.000,-0.000,0.000,0.000,0.000,0.000,-0.000,0.000,100.000,0.000,0.000,0.000,0.000
2026-05-27T162606Z_all_200_custom,2026-05-27T162606Z_all_200_custom_coverage_connectivity-aware_coverage_heavy-loss-no-failures,coverage,coverage,0,200,connectivity-aware,coverage/heavy-loss-no-failures,200,1.000,1.000,0.000,0.000,90.000,27.225,0.000,0.000,0.000,1.000,0.000,1.000,0.000,1.000,3960.000,1.000,100.000,100.000,0.000,0.000,0.000,0.000,0.000,0.000,0.000,1.000,1.000,-0.000,0.000,0.000,0.000,0.000,-0.000,0.000,100.000,0.000,0.000,0.000,0.000
2026-05-27T162606Z_all_200_custom,2026-05-27T162606Z_all_200_custom_emergency-mesh_connectivity-aware_emergency-mesh_packet-loss-10,emergency-mesh,emergency-mesh,0,200,connectivity-aware,emergency-mesh/packet-loss-10,200,0.340,0.615,0.000,0.470,7980.000,3130.635,0.000,0.000,2.215,0.619,0.220,2.352,1.275,0.807,768508.125,130.550,100.000,100.000,0.000,0.000,0.000,0.000,0.000,0.000,0.000,1.000,1.000,-0.000,0.000,0.000,0.000,0.000,-0.000,0.000,100.000,0.000,0.000,0.000,0.000
2026-05-27T162606Z_all_200_custom,2026-05-27T162606Z_all_200_custom_emergency-mesh_connectivity-aware_emergency-mesh_single-failure,emergency-mesh,emergency-mesh,0,200,connectivity-aware,emergency-mesh/single-failure,200,0.620,0.620,0.855,0.400,5216.000,3047.060,0.000,0.000,1.430,0.264,0.216,2.362,4.050,0.810,487170.125,151.165,100.000,100.000,0.000,0.000,0.000,0.000,0.000,0.000,0.000,1.000,1.000,-0.000,0.000,0.000,0.000,0.000,-0.000,0.000,100.000,0.000,0.000,0.000,0.000
2026-05-27T162606Z_all_200_custom,2026-05-27T162606Z_all_200_custom_emergency-mesh_connectivity-aware_emergency-mesh_medium-loss,emergency-mesh,emergency-mesh,0,200,connectivity-aware,emergency-mesh/medium-loss,200,0.310,0.485,0.000,0.612,9990.000,4806.195,0.000,0.000,4.790,0.492,0.273,2.272,1.650,0.743,936894.375,190.825,100.000,100.000,0.000,0.000,0.000,0.000,0.000,0.000,0.000,1.000,1.000,-0.000,0.000,0.000,0.000,0.000,-0.000,0.000,100.000,0.000,0.000,0.000,0.000
2026-05-27T162606Z_all_200_custom,2026-05-27T162606Z_all_200_custom_emergency-mesh_connectivity-aware_emergency-mesh_low-loss,emergency-mesh,emergency-mesh,0,200,connectivity-aware,emergency-mesh/low-loss,200,0.370,0.655,0.000,0.527,7980.000,2751.910,0.000,0.000,1.510,0.658,0.316,2.361,1.275,0.828,768761.250,123.565,100.000,100.000,0.000,0.000,0.000,0.000,0.000,0.000,0.000,1.000,1.000,-0.000,0.000,0.000,0.000,0.000,-0.000,0.000,100.000,0.000,0.000,0.000,0.000
2026-05-27T162606Z_all_200_custom,2026-05-27T162606Z_all_200_custom_emergency-mesh_connectivity-aware_emergency-mesh_ideal,emergency-mesh,emergency-mesh,0,200,connectivity-aware,emergency-mesh/ideal,200,0.360,0.645,0.000,0.538,7980.000,2482.360,0.000,0.000,1.365,0.649,0.327,2.357,1.275,0.823,768285.000,125.360,100.000,100.000,0.000,0.000,0.000,0.000,0.000,0.000,0.000,1.000,1.000,-0.000,0.000,0.000,0.000,0.000,-0.000,0.000,100.000,0.000,0.000,0.000,0.000
2026-05-27T162606Z_all_200_custom,2026-05-27T162606Z_all_200_custom_sar_connectivity-aware_sar_ideal,sar,sar,0,200,connectivity-aware,sar/ideal,200,0.640,0.650,0.000,0.000,8000.000,6222.310,0.000,0.000,745.075,0.025,0.000,0.337,4.845,0.985,1910918.300,295.350,87.549,94.651,6.980,0.135,0.270,0.000,0.370,0.571,0.000,1.000,1.000,-0.000,0.000,0.000,0.000,0.000,-0.000,0.000,87.549,0.000,0.000,0.000,0.000
2026-05-27T162606Z_all_200_custom,2026-05-27T162606Z_all_200_custom_sar_connectivity-aware_sar_standard,sar,sar,0,200,connectivity-aware,sar/standard,200,0.735,0.745,0.000,0.000,22386.000,20040.600,0.000,0.000,1557.910,0.024,0.000,0.236,6.875,0.981,8594153.280,400.000,82.898,94.728,9.667,0.100,0.300,0.000,0.315,0.433,0.000,1.000,1.000,-0.000,0.000,0.000,0.000,0.000,-0.000,0.000,82.898,0.000,0.000,0.000,0.000
2026-05-27T162606Z_all_200_custom,2026-05-27T162606Z_all_200_custom_inspection_connectivity-aware_inspection_perimeter,inspection,inspection,0,200,connectivity-aware,inspection/perimeter,200,0.190,0.190,0.000,0.000,6000.000,2362.810,0.000,0.000,10546.215,0.231,0.000,1.004,1.055,0.089,274704.000,178.135,0.046,22.406,0.000,0.000,0.000,0.000,0.000,0.000,0.000,1.000,1.000,-0.000,0.762,9.525,11.585,0.150,-0.000,0.000,0.046,0.000,0.000,0.000,0.000
2026-05-27T162606Z_all_200_custom,2026-05-27T162606Z_all_200_custom_inspection_connectivity-aware_inspection_random,inspection,inspection,0,200,connectivity-aware,inspection/random,200,1.000,1.000,0.000,0.000,10000.000,1729.040,0.000,0.000,16081.025,0.584,0.000,1.000,0.965,0.000,457840.000,139.135,100.000,100.000,0.000,0.000,0.000,0.000,0.000,0.000,0.000,1.000,1.000,-0.000,1.000,0.000,21.540,0.378,-0.000,0.000,100.000,0.000,0.000,0.000,0.000
2026-05-27T162606Z_all_200_custom,2026-05-27T162606Z_all_200_custom_inspection_connectivity-aware_inspection_linear,inspection,inspection,0,200,connectivity-aware,inspection/linear,200,1.000,1.000,0.000,0.000,3000.000,1896.000,0.000,0.000,9160.000,0.055,0.000,1.000,1.000,0.000,137352.000,474.000,100.000,100.000,0.000,0.000,0.000,0.000,0.000,0.000,0.000,1.000,1.000,-0.000,1.000,0.000,10.000,0.304,-0.000,0.000,100.000,0.000,0.000,0.000,0.000
2026-05-27T162606Z_all_200_custom,2026-05-27T162606Z_all_200_custom_wildfire_connectivity-aware_wildfire_small-static,wildfire,wildfire,0,200,connectivity-aware,wildfire/small-static,200,0.995,1.000,0.000,0.000,5.980,0.000,0.000,0.000,2.545,1.000,0.000,1.000,0.000,0.998,268.960,0.000,99.975,99.984,0.000,0.000,0.000,0.000,0.000,0.000,0.000,1.000,1.000,-0.000,0.000,0.000,0.000,0.000,-0.000,0.000,99.975,0.000,0.015,0.000,0.500
2026-05-27T162606Z_all_200_custom,2026-05-27T162606Z_all_200_custom_wildfire_connectivity-aware_wildfire_medium-dynamic,wildfire,wildfire,0,200,connectivity-aware,wildfire/medium-dynamic,200,0.975,1.000,0.000,0.000,131.700,0.000,0.000,0.000,32.070,1.000,0.000,1.000,0.000,0.991,6002.400,0.000,99.945,99.973,0.000,0.000,0.000,0.000,0.000,0.000,0.000,1.000,1.000,-0.000,0.000,0.000,0.000,0.000,-0.000,0.000,99.945,0.000,0.100,2.900,0.317
2026-05-27T162606Z_all_200_custom,2026-05-27T162606Z_all_200_custom_coverage_greedy_coverage_high-latency-multiple-failures,coverage,coverage,0,200,greedy,coverage/high-latency-multiple-failures,200,1.000,1.000,0.000,0.000,14604.480,3020.080,0.000,0.000,0.000,1.000,0.000,1.000,0.000,1.000,663680.925,189.560,100.000,100.000,0.000,0.000,0.000,0.000,0.000,0.000,0.000,1.000,1.000,-0.000,0.000,0.000,0.000,0.000,-0.000,0.000,100.000,0.000,0.000,0.000,0.000
2026-05-27T162606Z_all_200_custom,2026-05-27T162606Z_all_200_custom_coverage_greedy_coverage_medium-loss-no-failures,coverage,coverage,0,200,greedy,coverage/medium-loss-no-failures,200,1.000,1.000,0.000,0.000,90.000,13.520,0.000,0.000,0.000,1.000,0.000,1.000,0.000,1.000,3960.000,1.000,100.000,100.000,0.000,0.000,0.000,0.000,0.000,0.000,0.000,1.000,1.000,-0.000,0.000,0.000,0.000,0.000,-0.000,0.000,100.000,0.000,0.000,0.000,0.000
2026-05-27T162606Z_all_200_custom,2026-05-27T162606Z_all_200_custom_coverage_greedy_coverage_medium-loss-multiple-failures,coverage,coverage,0,200,greedy,coverage/medium-loss-multiple-failures,200,1.000,1.000,0.000,0.000,14604.480,4756.015,0.000,0.000,0.000,0.997,0.000,1.000,1.915,1.000,663680.925,189.760,100.000,100.000,0.000,0.000,0.000,0.000,0.000,0.000,0.000,1.000,1.000,-0.000,0.000,0.000,0.000,0.000,-0.000,0.000,100.000,0.000,0.000,0.000,0.000
2026-05-27T162606Z_all_200_custom,2026-05-27T162606Z_all_200_custom_coverage_greedy_coverage_medium-loss-cascade-failure,coverage,coverage,0,200,greedy,coverage/medium-loss-cascade-failure,200,1.000,1.000,0.000,0.000,13038.210,5240.530,0.000,0.000,0.000,0.995,0.000,1.000,2.745,1.000,592288.020,185.780,100.000,100.000,0.000,0.000,0.000,0.000,0.000,0.000,0.000,1.000,1.000,-0.000,0.000,0.000,0.000,0.000,-0.000,0.000,100.000,0.000,0.000,0.000,0.000
2026-05-27T162606Z_all_200_custom,2026-05-27T162606Z_all_200_custom_coverage_greedy_coverage_partition-prone-cascade-failure,coverage,coverage,0,200,greedy,coverage/partition-prone-cascade-failure,200,1.000,1.000,0.000,0.000,13038.210,5351.680,0.000,0.000,0.000,0.992,0.000,1.000,2.820,1.000,592288.020,185.705,100.000,100.000,0.000,0.000,0.000,0.000,0.000,0.000,0.000,1.000,1.000,-0.000,0.000,0.000,0.000,0.000,-0.000,0.000,100.000,0.000,0.000,0.000,0.000
2026-05-27T162606Z_all_200_custom,2026-05-27T162606Z_all_200_custom_coverage_greedy_coverage_heavy-loss-cascade-failure,coverage,coverage,0,200,greedy,coverage/heavy-loss-cascade-failure,200,1.000,1.000,0.000,0.000,13038.210,6618.070,0.000,0.000,0.000,1.000,0.000,1.000,0.000,1.000,592288.020,186.045,100.000,100.000,0.000,0.000,0.000,0.000,0.000,0.000,0.000,1.000,1.000,-0.000,0.000,0.000,0.000,0.000,-0.000,0.000,100.000,0.000,0.000,0.000,0.000
2026-05-27T162606Z_all_200_custom,2026-05-27T162606Z_all_200_custom_coverage_greedy_coverage_light-loss-no-failures,coverage,coverage,0,200,greedy,coverage/light-loss-no-failures,200,1.000,1.000,0.000,0.000,90.000,4.675,0.000,0.000,0.000,1.000,0.000,1.000,0.000,1.000,3960.000,1.000,100.000,100.000,0.000,0.000,0.000,0.000,0.000,0.000,0.000,1.000,1.000,-0.000,0.000,0.000,0.000,0.000,-0.000,0.000,100.000,0.000,0.000,0.000,0.000
2026-05-27T162606Z_all_200_custom,2026-05-27T162606Z_all_200_custom_coverage_greedy_coverage_ideal-single-failure,coverage,coverage,0,200,greedy,coverage/ideal-single-failure,200,1.000,1.000,3.000,0.000,1129.950,36.000,0.000,0.000,0.000,0.975,0.000,1.000,1.000,1.000,50058.000,4.000,100.000,100.000,0.000,0.000,0.000,0.000,0.000,0.000,0.000,1.000,1.000,-0.000,0.000,0.000,0.000,0.000,-0.000,0.000,100.000,0.000,0.000,0.000,0.000
2026-05-27T162606Z_all_200_custom,2026-05-27T162606Z_all_200_custom_coverage_greedy_coverage_partition-prone-single-failure,coverage,coverage,0,200,greedy,coverage/partition-prone-single-failure,200,1.000,1.000,0.000,0.000,16280.595,3904.160,0.000,0.000,0.000,0.998,0.000,1.000,1.000,1.000,740010.330,191.160,100.000,100.000,0.000,0.000,0.000,0.000,0.000,0.000,0.000,1.000,1.000,-0.000,0.000,0.000,0.000,0.000,-0.000,0.000,100.000,0.000,0.000,0.000,0.000
2026-05-27T162606Z_all_200_custom,2026-05-27T162606Z_all_200_custom_coverage_greedy_coverage_high-latency-no-failures,coverage,coverage,0,200,greedy,coverage/high-latency-no-failures,200,1.000,1.000,0.000,0.000,90.000,0.000,0.000,0.000,0.000,1.000,0.000,1.000,0.000,1.000,3960.000,1.000,100.000,100.000,0.000,0.000,0.000,0.000,0.000,0.000,0.000,1.000,1.000,-0.000,0.000,0.000,0.000,0.000,-0.000,0.000,100.000,0.000,0.000,0.000,0.000
2026-05-27T162606Z_all_200_custom,2026-05-27T162606Z_all_200_custom_coverage_greedy_coverage_light-loss-cascade-failure,coverage,coverage,0,200,greedy,coverage/light-loss-cascade-failure,200,1.000,1.000,2.180,0.000,9261.360,2940.065,0.000,0.000,0.000,0.980,0.000,1.000,2.860,1.000,420198.165,125.715,100.000,100.000,0.000,0.000,0.000,0.000,0.000,0.000,0.000,1.000,1.000,-0.000,0.000,0.000,0.000,0.000,-0.000,0.000,100.000,0.000,0.000,0.000,0.000
2026-05-27T162606Z_all_200_custom,2026-05-27T162606Z_all_200_custom_coverage_greedy_coverage_high-latency-single-failure,coverage,coverage,0,200,greedy,coverage/high-latency-single-failure,200,1.000,1.000,0.000,0.000,16280.595,1719.405,0.000,0.000,0.000,1.000,0.000,1.000,0.000,1.000,740010.330,191.045,100.000,100.000,0.000,0.000,0.000,0.000,0.000,0.000,0.000,1.000,1.000,-0.000,0.000,0.000,0.000,0.000,-0.000,0.000,100.000,0.000,0.000,0.000,0.000
2026-05-27T162606Z_all_200_custom,2026-05-27T162606Z_all_200_custom_coverage_greedy_coverage_heavy-loss-single-failure,coverage,coverage,0,200,greedy,coverage/heavy-loss-single-failure,200,1.000,1.000,0.000,0.000,16280.595,6090.420,0.000,0.000,0.000,1.000,0.000,1.000,0.000,1.000,740010.330,191.470,100.000,100.000,0.000,0.000,0.000,0.000,0.000,0.000,0.000,1.000,1.000,-0.000,0.000,0.000,0.000,0.000,-0.000,0.000,100.000,0.000,0.000,0.000,0.000
2026-05-27T162606Z_all_200_custom,2026-05-27T162606Z_all_200_custom_coverage_greedy_coverage_high-latency-cascade-failure,coverage,coverage,0,200,greedy,coverage/high-latency-cascade-failure,200,1.000,1.000,0.000,0.000,13038.210,3866.390,0.000,0.000,0.000,1.000,0.000,1.000,0.000,1.000,592288.020,185.575,100.000,100.000,0.000,0.000,0.000,0.000,0.000,0.000,0.000,1.000,1.000,-0.000,0.000,0.000,0.000,0.000,-0.000,0.000,100.000,0.000,0.000,0.000,0.000
2026-05-27T162606Z_all_200_custom,2026-05-27T162606Z_all_200_custom_coverage_greedy_coverage_partition-prone-multiple-failures,coverage,coverage,0,200,greedy,coverage/partition-prone-multiple-failures,200,1.000,1.000,0.025,0.000,14604.480,4775.960,0.000,0.000,0.000,0.995,0.000,1.000,1.925,1.000,663680.925,189.715,100.000,100.000,0.000,0.000,0.000,0.000,0.000,0.000,0.000,1.000,1.000,-0.000,0.000,0.000,0.000,0.000,-0.000,0.000,100.000,0.000,0.000,0.000,0.000
2026-05-27T162606Z_all_200_custom,2026-05-27T162606Z_all_200_custom_coverage_greedy_coverage_light-loss-single-failure,coverage,coverage,0,200,greedy,coverage/light-loss-single-failure,200,1.000,1.000,2.355,0.000,7486.425,1078.540,0.000,0.000,0.000,0.985,0.000,1.000,1.000,1.000,339531.750,82.535,100.000,100.000,0.000,0.000,0.000,0.000,0.000,0.000,0.000,1.000,1.000,-0.000,0.000,0.000,0.000,0.000,-0.000,0.000,100.000,0.000,0.000,0.000,0.000
2026-05-27T162606Z_all_200_custom,2026-05-27T162606Z_all_200_custom_coverage_greedy_coverage_heavy-loss-multiple-failures,coverage,coverage,0,200,greedy,coverage/heavy-loss-multiple-failures,200,1.000,1.000,0.000,0.000,14604.480,6497.710,0.000,0.000,0.000,1.000,0.000,1.000,0.000,1.000,663680.925,190.105,100.000,100.000,0.000,0.000,0.000,0.000,0.000,0.000,0.000,1.000,1.000,-0.000,0.000,0.000,0.000,0.000,-0.000,0.000,100.000,0.000,0.000,0.000,0.000
2026-05-27T162606Z_all_200_custom,2026-05-27T162606Z_all_200_custom_coverage_greedy_coverage_ideal-multiple-failures,coverage,coverage,0,200,greedy,coverage/ideal-multiple-failures,200,1.000,1.000,3.000,0.000,1376.640,80.560,0.000,0.000,0.000,0.959,0.000,1.000,1.940,1.000,61156.125,5.840,100.000,100.000,0.000,0.000,0.000,0.000,0.000,0.000,0.000,1.000,1.000,-0.000,0.000,0.000,0.000,0.000,-0.000,0.000,100.000,0.000,0.000,0.000,0.000
2026-05-27T162606Z_all_200_custom,2026-05-27T162606Z_all_200_custom_coverage_greedy_coverage_medium-loss-single-failure,coverage,coverage,0,200,greedy,coverage/medium-loss-single-failure,200,1.000,1.000,0.000,0.000,16280.595,3902.110,0.000,0.000,0.000,0.999,0.000,1.000,1.000,1.000,740010.330,191.200,100.000,100.000,0.000,0.000,0.000,0.000,0.000,0.000,0.000,1.000,1.000,-0.000,0.000,0.000,0.000,0.000,-0.000,0.000,100.000,0.000,0.000,0.000,0.000
2026-05-27T162606Z_all_200_custom,2026-05-27T162606Z_all_200_custom_coverage_greedy_coverage_light-loss-multiple-failures,coverage,coverage,0,200,greedy,coverage/light-loss-multiple-failures,200,1.000,1.000,2.215,0.000,9097.560,2161.695,0.000,0.000,0.000,0.981,0.000,1.000,1.940,1.000,412851.645,113.115,100.000,100.000,0.000,0.000,0.000,0.000,0.000,0.000,0.000,1.000,1.000,-0.000,0.000,0.000,0.000,0.000,-0.000,0.000,100.000,0.000,0.000,0.000,0.000
2026-05-27T162606Z_all_200_custom,2026-05-27T162606Z_all_200_custom_coverage_greedy_coverage_partition-prone-no-failures,coverage,coverage,0,200,greedy,coverage/partition-prone-no-failures,200,1.000,1.000,0.000,0.000,18000.000,2697.475,0.000,0.000,0.000,1.000,0.000,1.000,0.000,1.000,818280.000,2.660,100.000,100.000,0.000,0.000,0.000,0.000,0.000,0.000,0.000,1.000,1.000,-0.000,0.000,0.000,0.000,0.000,-0.000,0.000,100.000,0.000,0.000,0.000,0.000
2026-05-27T162606Z_all_200_custom,2026-05-27T162606Z_all_200_custom_coverage_greedy_coverage_ideal-cascade-failure,coverage,coverage,0,200,greedy,coverage/ideal-cascade-failure,200,1.000,1.000,3.000,0.000,1826.415,129.125,0.000,0.000,0.000,0.951,0.000,1.000,2.930,1.000,81394.245,7.610,100.000,100.000,0.000,0.000,0.000,0.000,0.000,0.000,0.000,1.000,1.000,-0.000,0.000,0.000,0.000,0.000,-0.000,0.000,100.000,0.000,0.000,0.000,0.000
2026-05-27T162606Z_all_200_custom,2026-05-27T162606Z_all_200_custom_coverage_greedy_coverage_ideal-no-failures,coverage,coverage,0,200,greedy,coverage/ideal-no-failures,200,1.000,1.000,0.000,0.000,90.000,0.000,0.000,0.000,0.000,1.000,0.000,1.000,0.000,1.000,3960.000,0.000,100.000,100.000,0.000,0.000,0.000,0.000,0.000,0.000,0.000,1.000,1.000,-0.000,0.000,0.000,0.000,0.000,-0.000,0.000,100.000,0.000,0.000,0.000,0.000
2026-05-27T162606Z_all_200_custom,2026-05-27T162606Z_all_200_custom_coverage_greedy_coverage_heavy-loss-no-failures,coverage,coverage,0,200,greedy,coverage/heavy-loss-no-failures,200,1.000,1.000,0.000,0.000,90.000,27.225,0.000,0.000,0.000,1.000,0.000,1.000,0.000,1.000,3960.000,1.000,100.000,100.000,0.000,0.000,0.000,0.000,0.000,0.000,0.000,1.000,1.000,-0.000,0.000,0.000,0.000,0.000,-0.000,0.000,100.000,0.000,0.000,0.000,0.000
2026-05-27T162606Z_all_200_custom,2026-05-27T162606Z_all_200_custom_emergency-mesh_greedy_emergency-mesh_packet-loss-10,emergency-mesh,emergency-mesh,0,200,greedy,emergency-mesh/packet-loss-10,200,0.395,0.670,0.000,0.470,7980.000,3005.530,0.000,0.000,2.635,0.673,0.313,2.371,1.330,0.835,769957.500,124.165,100.000,100.000,0.000,0.000,0.000,0.000,0.000,0.000,0.000,1.000,1.000,-0.000,0.000,0.000,0.000,0.000,-0.000,0.000,100.000,0.000,0.000,0.000,0.000
2026-05-27T162606Z_all_200_custom,2026-05-27T162606Z_all_200_custom_emergency-mesh_greedy_emergency-mesh_single-failure,emergency-mesh,emergency-mesh,0,200,greedy,emergency-mesh/single-failure,200,0.570,0.570,0.855,0.400,5216.000,3127.560,0.000,0.000,1.695,0.262,0.200,2.343,3.955,0.785,485486.375,150.765,100.000,100.000,0.000,0.000,0.000,0.000,0.000,0.000,0.000,1.000,1.000,-0.000,0.000,0.000,0.000,0.000,-0.000,0.000,100.000,0.000,0.000,0.000,0.000
2026-05-27T162606Z_all_200_custom,2026-05-27T162606Z_all_200_custom_emergency-mesh_greedy_emergency-mesh_medium-loss,emergency-mesh,emergency-mesh,0,200,greedy,emergency-mesh/medium-loss,200,0.330,0.505,0.000,0.612,9990.000,4811.210,0.000,0.000,5.550,0.511,0.312,2.268,1.720,0.752,937640.625,187.640,100.000,100.000,0.000,0.000,0.000,0.000,0.000,0.000,0.000,1.000,1.000,-0.000,0.000,0.000,0.000,0.000,-0.000,0.000,100.000,0.000,0.000,0.000,0.000
2026-05-27T162606Z_all_200_custom,2026-05-27T162606Z_all_200_custom_emergency-mesh_greedy_emergency-mesh_low-loss,emergency-mesh,emergency-mesh,0,200,greedy,emergency-mesh/low-loss,200,0.350,0.635,0.000,0.527,7980.000,2799.240,0.000,0.000,1.760,0.639,0.337,2.354,1.315,0.818,766972.500,122.255,100.000,100.000,0.000,0.000,0.000,0.000,0.000,0.000,0.000,1.000,1.000,-0.000,0.000,0.000,0.000,0.000,-0.000,0.000,100.000,0.000,0.000,0.000,0.000
2026-05-27T162606Z_all_200_custom,2026-05-27T162606Z_all_200_custom_emergency-mesh_greedy_emergency-mesh_ideal,emergency-mesh,emergency-mesh,0,200,greedy,emergency-mesh/ideal,200,0.325,0.610,0.000,0.538,7980.000,2577.820,0.000,0.000,1.690,0.614,0.298,2.356,1.340,0.805,767679.375,125.840,100.000,100.000,0.000,0.000,0.000,0.000,0.000,0.000,0.000,1.000,1.000,-0.000,0.000,0.000,0.000,0.000,-0.000,0.000,100.000,0.000,0.000,0.000,0.000
2026-05-27T162606Z_all_200_custom,2026-05-27T162606Z_all_200_custom_sar_greedy_sar_ideal,sar,sar,0,200,greedy,sar/ideal,200,0.685,0.735,0.000,0.010,8000.000,5046.170,0.000,0.000,2305.805,0.043,0.000,0.305,4.960,0.988,1910124.220,262.535,79.336,89.413,13.500,0.083,0.165,0.000,0.362,0.573,0.000,1.000,1.000,-0.000,0.000,0.000,0.000,0.000,-0.000,0.000,79.336,0.000,0.000,0.000,0.000
2026-05-27T162606Z_all_200_custom,2026-05-27T162606Z_all_200_custom_sar_greedy_sar_standard,sar,sar,0,200,greedy,sar/standard,200,0.725,0.735,0.000,0.010,22386.000,17658.400,0.000,0.000,7256.010,0.044,0.000,0.234,6.950,0.966,8583950.520,394.005,77.080,91.223,14.029,0.060,0.180,0.000,0.311,0.448,0.000,1.000,1.000,-0.000,0.000,0.000,0.000,0.000,-0.000,0.000,77.080,0.000,0.000,0.000,0.000
2026-05-27T162606Z_all_200_custom,2026-05-27T162606Z_all_200_custom_inspection_greedy_inspection_perimeter,inspection,inspection,0,200,greedy,inspection/perimeter,200,0.420,0.420,0.000,0.005,6000.000,1971.590,0.000,0.000,15462.975,0.397,0.000,1.354,3.295,0.246,274704.000,110.085,0.009,18.921,0.000,0.000,0.000,0.000,0.000,0.000,0.000,1.000,1.000,-0.000,0.865,5.385,24.195,0.076,-0.000,0.000,0.009,0.000,0.000,0.000,0.000
2026-05-27T162606Z_all_200_custom,2026-05-27T162606Z_all_200_custom_inspection_greedy_inspection_random,inspection,inspection,0,200,greedy,inspection/random,200,1.000,1.000,0.000,0.012,10000.000,564.480,0.000,0.000,15602.135,0.837,0.000,1.360,1.565,0.511,457840.000,39.815,100.000,100.000,0.000,0.000,0.000,0.000,0.000,0.000,0.000,1.000,1.000,-0.000,1.000,0.000,17.125,0.222,-0.000,0.000,100.000,0.000,0.000,0.000,0.000
2026-05-27T162606Z_all_200_custom,2026-05-27T162606Z_all_200_custom_inspection_greedy_inspection_linear,inspection,inspection,0,200,greedy,inspection/linear,200,1.000,1.000,0.000,0.078,3000.000,307.540,0.000,0.000,5889.950,0.648,0.000,1.420,1.040,0.504,137352.000,75.060,100.000,100.000,0.000,0.000,0.000,0.000,0.000,0.000,0.000,1.000,1.000,-0.000,1.000,0.000,2.785,0.154,-0.000,0.000,100.000,0.000,0.000,0.000,0.000
2026-05-27T162606Z_all_200_custom,2026-05-27T162606Z_all_200_custom_wildfire_greedy_wildfire_small-static,wildfire,wildfire,0,200,greedy,wildfire/small-static,200,0.995,1.000,0.000,0.000,5.980,0.000,0.000,0.000,2.545,1.000,0.000,1.000,0.000,0.998,268.960,0.000,99.975,99.982,0.000,0.000,0.000,0.000,0.000,0.000,0.000,1.000,1.000,-0.000,0.000,0.000,0.000,0.000,-0.000,0.000,99.975,0.000,0.015,0.000,0.500
2026-05-27T162606Z_all_200_custom,2026-05-27T162606Z_all_200_custom_wildfire_greedy_wildfire_medium-dynamic,wildfire,wildfire,0,200,greedy,wildfire/medium-dynamic,200,0.995,1.000,0.000,0.000,35.940,0.000,0.000,0.000,4.835,1.000,0.000,1.000,0.000,0.999,1622.880,0.000,99.974,99.982,0.000,0.000,0.000,0.000,0.000,0.000,0.000,1.000,1.000,-0.000,0.000,0.000,0.000,0.000,-0.000,0.000,99.974,0.000,0.020,0.580,0.303
2026-05-27T162606Z_all_200_custom,2026-05-27T162606Z_all_200_custom_coverage_cbba_coverage_high-latency-multiple-failures,coverage,coverage,0,200,cbba,coverage/high-latency-multiple-failures,200,0.000,1.000,0.000,1.000,14604.480,3020.080,0.000,0.000,0.000,1.000,0.000,1.000,0.000,1.000,663680.925,189.560,100.000,100.000,0.000,0.000,0.000,0.000,0.000,0.000,0.000,1.000,1.000,-0.000,0.000,0.000,0.000,0.000,-0.000,0.000,100.000,0.000,0.000,0.000,0.000
2026-05-27T162606Z_all_200_custom,2026-05-27T162606Z_all_200_custom_coverage_cbba_coverage_medium-loss-no-failures,coverage,coverage,0,200,cbba,coverage/medium-loss-no-failures,200,1.000,1.000,0.000,0.000,90.000,13.520,0.000,0.000,0.000,1.000,0.000,1.000,0.000,1.000,3960.000,1.000,100.000,100.000,0.000,0.000,0.000,0.000,0.000,0.000,0.000,1.000,1.000,-0.000,0.000,0.000,0.000,0.000,-0.000,0.000,100.000,0.000,0.000,0.000,0.000
2026-05-27T162606Z_all_200_custom,2026-05-27T162606Z_all_200_custom_coverage_cbba_coverage_medium-loss-multiple-failures,coverage,coverage,0,200,cbba,coverage/medium-loss-multiple-failures,200,1.000,1.000,0.000,0.000,14604.480,4756.015,0.000,0.000,0.000,0.997,0.000,1.000,1.915,1.000,663680.925,189.760,100.000,100.000,0.000,0.000,0.000,0.000,0.000,0.000,0.000,1.000,1.000,-0.000,0.000,0.000,0.000,0.000,-0.000,0.000,100.000,0.000,0.000,0.000,0.000
2026-05-27T162606Z_all_200_custom,2026-05-27T162606Z_all_200_custom_coverage_cbba_coverage_medium-loss-cascade-failure,coverage,coverage,0,200,cbba,coverage/medium-loss-cascade-failure,200,1.000,1.000,0.000,0.000,13038.210,5240.530,0.000,0.000,0.000,0.995,0.000,1.000,2.745,1.000,592288.020,185.780,100.000,100.000,0.000,0.000,0.000,0.000,0.000,0.000,0.000,1.000,1.000,-0.000,0.000,0.000,0.000,0.000,-0.000,0.000,100.000,0.000,0.000,0.000,0.000
2026-05-27T162606Z_all_200_custom,2026-05-27T162606Z_all_200_custom_coverage_cbba_coverage_partition-prone-cascade-failure,coverage,coverage,0,200,cbba,coverage/partition-prone-cascade-failure,200,0.990,0.990,0.000,0.000,13038.210,5351.680,0.000,0.000,0.000,0.992,0.000,1.000,2.820,0.999,592288.020,185.705,100.000,100.000,0.000,0.000,0.000,0.000,0.000,0.000,0.000,1.000,1.000,-0.000,0.000,0.000,0.000,0.000,-0.000,0.000,100.000,0.000,0.000,0.000,0.000
2026-05-27T162606Z_all_200_custom,2026-05-27T162606Z_all_200_custom_coverage_cbba_coverage_heavy-loss-cascade-failure,coverage,coverage,0,200,cbba,coverage/heavy-loss-cascade-failure,200,0.000,1.000,0.000,1.000,13038.210,6618.070,0.000,0.000,0.000,1.000,0.000,1.000,0.000,1.000,592288.020,186.045,100.000,100.000,0.000,0.000,0.000,0.000,0.000,0.000,0.000,1.000,1.000,-0.000,0.000,0.000,0.000,0.000,-0.000,0.000,100.000,0.000,0.000,0.000,0.000
2026-05-27T162606Z_all_200_custom,2026-05-27T162606Z_all_200_custom_coverage_cbba_coverage_light-loss-no-failures,coverage,coverage,0,200,cbba,coverage/light-loss-no-failures,200,1.000,1.000,0.000,0.000,90.000,4.675,0.000,0.000,0.000,1.000,0.000,1.000,0.000,1.000,3960.000,1.000,100.000,100.000,0.000,0.000,0.000,0.000,0.000,0.000,0.000,1.000,1.000,-0.000,0.000,0.000,0.000,0.000,-0.000,0.000,100.000,0.000,0.000,0.000,0.000
2026-05-27T162606Z_all_200_custom,2026-05-27T162606Z_all_200_custom_coverage_cbba_coverage_ideal-single-failure,coverage,coverage,0,200,cbba,coverage/ideal-single-failure,200,1.000,1.000,3.000,0.000,1129.950,36.000,0.000,0.000,0.000,0.975,0.000,1.000,1.000,1.000,50058.000,4.000,100.000,100.000,0.000,0.000,0.000,0.000,0.000,0.000,0.000,1.000,1.000,-0.000,0.000,0.000,0.000,0.000,-0.000,0.000,100.000,0.000,0.000,0.000,0.000
2026-05-27T162606Z_all_200_custom,2026-05-27T162606Z_all_200_custom_coverage_cbba_coverage_partition-prone-single-failure,coverage,coverage,0,200,cbba,coverage/partition-prone-single-failure,200,1.000,1.000,0.000,0.000,16280.595,3904.160,0.000,0.000,0.000,0.998,0.000,1.000,1.000,1.000,740010.330,191.160,100.000,100.000,0.000,0.000,0.000,0.000,0.000,0.000,0.000,1.000,1.000,-0.000,0.000,0.000,0.000,0.000,-0.000,0.000,100.000,0.000,0.000,0.000,0.000
2026-05-27T162606Z_all_200_custom,2026-05-27T162606Z_all_200_custom_coverage_cbba_coverage_high-latency-no-failures,coverage,coverage,0,200,cbba,coverage/high-latency-no-failures,200,1.000,1.000,0.000,0.000,90.000,0.000,0.000,0.000,0.000,1.000,0.000,1.000,0.000,1.000,3960.000,1.000,100.000,100.000,0.000,0.000,0.000,0.000,0.000,0.000,0.000,1.000,1.000,-0.000,0.000,0.000,0.000,0.000,-0.000,0.000,100.000,0.000,0.000,0.000,0.000
2026-05-27T162606Z_all_200_custom,2026-05-27T162606Z_all_200_custom_coverage_cbba_coverage_light-loss-cascade-failure,coverage,coverage,0,200,cbba,coverage/light-loss-cascade-failure,200,1.000,1.000,2.180,0.000,9261.360,2940.065,0.000,0.000,0.000,0.980,0.000,1.000,2.860,1.000,420198.165,125.715,100.000,100.000,0.000,0.000,0.000,0.000,0.000,0.000,0.000,1.000,1.000,-0.000,0.000,0.000,0.000,0.000,-0.000,0.000,100.000,0.000,0.000,0.000,0.000
2026-05-27T162606Z_all_200_custom,2026-05-27T162606Z_all_200_custom_coverage_cbba_coverage_high-latency-single-failure,coverage,coverage,0,200,cbba,coverage/high-latency-single-failure,200,0.000,1.000,0.000,1.000,16280.595,1719.405,0.000,0.000,0.000,1.000,0.000,1.000,0.000,1.000,740010.330,191.045,100.000,100.000,0.000,0.000,0.000,0.000,0.000,0.000,0.000,1.000,1.000,-0.000,0.000,0.000,0.000,0.000,-0.000,0.000,100.000,0.000,0.000,0.000,0.000
2026-05-27T162606Z_all_200_custom,2026-05-27T162606Z_all_200_custom_coverage_cbba_coverage_heavy-loss-single-failure,coverage,coverage,0,200,cbba,coverage/heavy-loss-single-failure,200,0.000,1.000,0.000,1.000,16280.595,6090.420,0.000,0.000,0.000,1.000,0.000,1.000,0.000,1.000,740010.330,191.470,100.000,100.000,0.000,0.000,0.000,0.000,0.000,0.000,0.000,1.000,1.000,-0.000,0.000,0.000,0.000,0.000,-0.000,0.000,100.000,0.000,0.000,0.000,0.000
2026-05-27T162606Z_all_200_custom,2026-05-27T162606Z_all_200_custom_coverage_cbba_coverage_high-latency-cascade-failure,coverage,coverage,0,200,cbba,coverage/high-latency-cascade-failure,200,0.000,1.000,0.000,1.000,13038.210,3866.390,0.000,0.000,0.000,1.000,0.000,1.000,0.000,1.000,592288.020,185.575,100.000,100.000,0.000,0.000,0.000,0.000,0.000,0.000,0.000,1.000,1.000,-0.000,0.000,0.000,0.000,0.000,-0.000,0.000,100.000,0.000,0.000,0.000,0.000
2026-05-27T162606Z_all_200_custom,2026-05-27T162606Z_all_200_custom_coverage_cbba_coverage_partition-prone-multiple-failures,coverage,coverage,0,200,cbba,coverage/partition-prone-multiple-failures,200,1.000,1.000,0.025,0.000,14604.480,4775.960,0.000,0.000,0.000,0.995,0.000,1.000,1.925,1.000,663680.925,189.715,100.000,100.000,0.000,0.000,0.000,0.000,0.000,0.000,0.000,1.000,1.000,-0.000,0.000,0.000,0.000,0.000,-0.000,0.000,100.000,0.000,0.000,0.000,0.000
2026-05-27T162606Z_all_200_custom,2026-05-27T162606Z_all_200_custom_coverage_cbba_coverage_light-loss-single-failure,coverage,coverage,0,200,cbba,coverage/light-loss-single-failure,200,1.000,1.000,2.355,0.000,7486.425,1078.540,0.000,0.000,0.000,0.985,0.000,1.000,1.000,1.000,339531.750,82.535,100.000,100.000,0.000,0.000,0.000,0.000,0.000,0.000,0.000,1.000,1.000,-0.000,0.000,0.000,0.000,0.000,-0.000,0.000,100.000,0.000,0.000,0.000,0.000
2026-05-27T162606Z_all_200_custom,2026-05-27T162606Z_all_200_custom_coverage_cbba_coverage_heavy-loss-multiple-failures,coverage,coverage,0,200,cbba,coverage/heavy-loss-multiple-failures,200,0.000,1.000,0.000,1.000,14604.480,6497.710,0.000,0.000,0.000,1.000,0.000,1.000,0.000,1.000,663680.925,190.105,100.000,100.000,0.000,0.000,0.000,0.000,0.000,0.000,0.000,1.000,1.000,-0.000,0.000,0.000,0.000,0.000,-0.000,0.000,100.000,0.000,0.000,0.000,0.000
2026-05-27T162606Z_all_200_custom,2026-05-27T162606Z_all_200_custom_coverage_cbba_coverage_ideal-multiple-failures,coverage,coverage,0,200,cbba,coverage/ideal-multiple-failures,200,1.000,1.000,3.000,0.000,1376.640,80.560,0.000,0.000,0.000,0.959,0.000,1.000,1.940,1.000,61156.125,5.840,100.000,100.000,0.000,0.000,0.000,0.000,0.000,0.000,0.000,1.000,1.000,-0.000,0.000,0.000,0.000,0.000,-0.000,0.000,100.000,0.000,0.000,0.000,0.000
2026-05-27T162606Z_all_200_custom,2026-05-27T162606Z_all_200_custom_coverage_cbba_coverage_medium-loss-single-failure,coverage,coverage,0,200,cbba,coverage/medium-loss-single-failure,200,1.000,1.000,0.000,0.000,16280.595,3902.110,0.000,0.000,0.000,0.999,0.000,1.000,1.000,1.000,740010.330,191.200,100.000,100.000,0.000,0.000,0.000,0.000,0.000,0.000,0.000,1.000,1.000,-0.000,0.000,0.000,0.000,0.000,-0.000,0.000,100.000,0.000,0.000,0.000,0.000
2026-05-27T162606Z_all_200_custom,2026-05-27T162606Z_all_200_custom_coverage_cbba_coverage_light-loss-multiple-failures,coverage,coverage,0,200,cbba,coverage/light-loss-multiple-failures,200,1.000,1.000,2.215,0.000,9097.560,2161.695,0.000,0.000,0.000,0.981,0.000,1.000,1.940,1.000,412851.645,113.115,100.000,100.000,0.000,0.000,0.000,0.000,0.000,0.000,0.000,1.000,1.000,-0.000,0.000,0.000,0.000,0.000,-0.000,0.000,100.000,0.000,0.000,0.000,0.000
2026-05-27T162606Z_all_200_custom,2026-05-27T162606Z_all_200_custom_coverage_cbba_coverage_partition-prone-no-failures,coverage,coverage,0,200,cbba,coverage/partition-prone-no-failures,200,1.000,1.000,0.000,0.000,18000.000,2697.475,0.000,0.000,0.000,1.000,0.000,1.000,0.000,1.000,818280.000,2.660,100.000,100.000,0.000,0.000,0.000,0.000,0.000,0.000,0.000,1.000,1.000,-0.000,0.000,0.000,0.000,0.000,-0.000,0.000,100.000,0.000,0.000,0.000,0.000
2026-05-27T162606Z_all_200_custom,2026-05-27T162606Z_all_200_custom_coverage_cbba_coverage_ideal-cascade-failure,coverage,coverage,0,200,cbba,coverage/ideal-cascade-failure,200,1.000,1.000,3.000,0.000,1826.415,129.125,0.000,0.000,0.000,0.951,0.000,1.000,2.930,1.000,81394.245,7.610,100.000,100.000,0.000,0.000,0.000,0.000,0.000,0.000,0.000,1.000,1.000,-0.000,0.000,0.000,0.000,0.000,-0.000,0.000,100.000,0.000,0.000,0.000,0.000
2026-05-27T162606Z_all_200_custom,2026-05-27T162606Z_all_200_custom_coverage_cbba_coverage_ideal-no-failures,coverage,coverage,0,200,cbba,coverage/ideal-no-failures,200,1.000,1.000,0.000,0.000,90.000,0.000,0.000,0.000,0.000,1.000,0.000,1.000,0.000,1.000,3960.000,0.000,100.000,100.000,0.000,0.000,0.000,0.000,0.000,0.000,0.000,1.000,1.000,-0.000,0.000,0.000,0.000,0.000,-0.000,0.000,100.000,0.000,0.000,0.000,0.000
2026-05-27T162606Z_all_200_custom,2026-05-27T162606Z_all_200_custom_coverage_cbba_coverage_heavy-loss-no-failures,coverage,coverage,0,200,cbba,coverage/heavy-loss-no-failures,200,1.000,1.000,0.000,0.000,90.000,27.225,0.000,0.000,0.000,1.000,0.000,1.000,0.000,1.000,3960.000,1.000,100.000,100.000,0.000,0.000,0.000,0.000,0.000,0.000,0.000,1.000,1.000,-0.000,0.000,0.000,0.000,0.000,-0.000,0.000,100.000,0.000,0.000,0.000,0.000
2026-05-27T162606Z_all_200_custom,2026-05-27T162606Z_all_200_custom_emergency-mesh_cbba_emergency-mesh_packet-loss-10,emergency-mesh,emergency-mesh,0,200,cbba,emergency-mesh/packet-loss-10,200,0.380,0.655,0.000,0.579,7980.000,3041.735,0.000,0.000,4.320,0.658,0.477,2.370,1.360,0.828,768055.000,125.535,100.000,100.000,0.000,0.000,0.000,0.000,0.000,0.000,0.000,1.000,1.000,-0.000,0.000,0.000,0.000,0.000,-0.000,0.000,100.000,0.000,0.000,0.000,0.000
2026-05-27T162606Z_all_200_custom,2026-05-27T162606Z_all_200_custom_emergency-mesh_cbba_emergency-mesh_single-failure,emergency-mesh,emergency-mesh,0,200,cbba,emergency-mesh/single-failure,200,0.640,0.640,0.855,0.495,5216.000,3016.100,0.000,0.000,3.820,0.260,0.297,2.343,4.260,0.820,486756.375,150.430,100.000,100.000,0.000,0.000,0.000,0.000,0.000,0.000,0.000,1.000,1.000,-0.000,0.000,0.000,0.000,0.000,-0.000,0.000,100.000,0.000,0.000,0.000,0.000
2026-05-27T162606Z_all_200_custom,2026-05-27T162606Z_all_200_custom_emergency-mesh_cbba_emergency-mesh_medium-loss,emergency-mesh,emergency-mesh,0,200,cbba,emergency-mesh/medium-loss,200,0.335,0.515,0.000,0.776,9990.000,4749.085,0.000,0.000,6.015,0.523,0.657,2.274,1.755,0.757,937718.750,183.980,100.000,100.000,0.000,0.000,0.000,0.000,0.000,0.000,0.000,1.000,1.000,-0.000,0.000,0.000,0.000,0.000,-0.000,0.000,100.000,0.000,0.000,0.000,0.000
2026-05-27T162606Z_all_200_custom,2026-05-27T162606Z_all_200_custom_emergency-mesh_cbba_emergency-mesh_low-loss,emergency-mesh,emergency-mesh,0,200,cbba,emergency-mesh/low-loss,200,0.385,0.670,0.000,0.651,7980.000,2753.795,0.000,0.000,3.200,0.673,0.443,2.366,1.305,0.835,769137.500,124.860,100.000,100.000,0.000,0.000,0.000,0.000,0.000,0.000,0.000,1.000,1.000,-0.000,0.000,0.000,0.000,0.000,-0.000,0.000,100.000,0.000,0.000,0.000,0.000
2026-05-27T162606Z_all_200_custom,2026-05-27T162606Z_all_200_custom_emergency-mesh_cbba_emergency-mesh_ideal,emergency-mesh,emergency-mesh,0,200,cbba,emergency-mesh/ideal,200,0.365,0.650,0.000,0.664,7980.000,2535.080,0.000,0.000,3.100,0.652,0.344,2.371,1.320,0.825,768752.500,130.520,100.000,100.000,0.000,0.000,0.000,0.000,0.000,0.000,0.000,1.000,1.000,-0.000,0.000,0.000,0.000,0.000,-0.000,0.000,100.000,0.000,0.000,0.000,0.000
2026-05-27T162606Z_all_200_custom,2026-05-27T162606Z_all_200_custom_sar_cbba_sar_ideal,sar,sar,0,200,cbba,sar/ideal,200,0.005,0.010,0.000,1.045,8000.000,7283.120,0.000,0.000,631.075,0.025,0.000,0.295,4.875,0.283,1184412.280,298.230,91.368,95.729,7.370,0.142,0.285,0.000,0.371,0.570,0.000,1.000,1.000,-0.000,0.000,0.000,0.000,0.000,-0.000,0.000,91.368,0.000,0.000,0.000,0.000
2026-05-27T162606Z_all_200_custom,2026-05-27T162606Z_all_200_custom_sar_cbba_sar_standard,sar,sar,0,200,cbba,sar/standard,200,0.000,0.000,0.000,1.050,22386.000,21506.540,0.000,0.000,1339.880,0.025,0.000,0.249,6.910,0.195,4108263.030,399.680,91.451,96.377,6.604,0.087,0.260,0.000,0.315,0.442,0.000,1.000,1.000,-0.000,0.000,0.000,0.000,0.000,-0.000,0.000,91.451,0.000,0.000,0.000,0.000
2026-05-27T162606Z_all_200_custom,2026-05-27T162606Z_all_200_custom_inspection_cbba_inspection_perimeter,inspection,inspection,0,200,cbba,inspection/perimeter,200,0.025,0.025,0.000,1.020,6000.000,3400.910,0.000,0.000,4446.385,0.404,0.000,1.246,2.940,0.138,274704.000,273.635,9.768,22.010,0.000,0.000,0.000,0.000,0.000,0.000,0.000,1.000,1.000,-0.000,0.908,3.665,29.855,0.101,-0.000,0.000,9.768,0.000,0.000,0.000,0.000
2026-05-27T162606Z_all_200_custom,2026-05-27T162606Z_all_200_custom_inspection_cbba_inspection_random,inspection,inspection,0,200,cbba,inspection/random,200,0.750,0.750,0.000,0.927,10000.000,1091.950,0.000,0.000,10834.900,0.842,0.000,1.326,1.465,0.643,457840.000,95.065,100.000,100.000,0.000,0.000,0.000,0.000,0.000,0.000,0.000,1.000,1.000,-0.000,0.954,1.075,7.985,0.223,-0.000,0.000,100.000,0.000,0.000,0.000,0.000
2026-05-27T162606Z_all_200_custom,2026-05-27T162606Z_all_200_custom_inspection_cbba_inspection_linear,inspection,inspection,0,200,cbba,inspection/linear,200,0.900,0.900,0.000,1.000,3000.000,187.140,0.000,0.000,3966.435,0.916,0.000,1.478,0.250,0.667,137352.000,46.300,100.000,100.000,0.000,0.000,0.000,0.000,0.000,0.000,0.000,1.000,1.000,-0.000,0.949,0.510,0.225,0.176,-0.000,0.000,100.000,0.000,0.000,0.000,0.000
2026-05-27T162606Z_all_200_custom,2026-05-27T162606Z_all_200_custom_wildfire_cbba_wildfire_small-static,wildfire,wildfire,0,200,cbba,wildfire/small-static,200,0.890,1.000,0.000,0.000,107.470,0.000,0.000,0.000,22.045,1.000,0.000,1.000,0.000,0.935,4883.440,0.000,99.482,99.686,0.000,0.000,0.000,0.000,0.000,0.000,0.000,1.000,1.000,-0.000,0.000,0.000,0.000,0.000,-0.000,0.000,99.482,0.000,0.195,0.000,0.500
2026-05-27T162606Z_all_200_custom,2026-05-27T162606Z_all_200_custom_wildfire_cbba_wildfire_medium-dynamic,wildfire,wildfire,0,200,cbba,wildfire/medium-dynamic,200,0.350,1.000,0.000,0.000,3650.880,0.000,0.000,0.000,1507.215,1.000,0.000,1.000,0.000,0.772,166949.760,0.000,98.104,99.165,0.000,0.000,0.000,0.000,0.000,0.000,0.000,1.000,1.000,-0.000,0.000,0.000,0.000,0.000,-0.000,0.000,98.104,0.000,2.840,88.160,0.813
